# kind seed coords... value
# generated-by: DumpGoldenNoise.java; Utils-2.2.0.jar; float values are raw IEEE-754 bits
perlin1d 0 -1024.5000000000000 3e800000
fastperlin1d 0 -1024.5000000000000 3e800000
perlin1d 0 -256.00000000000000 00000000
fastperlin1d 0 -256.00000000000000 00000000
perlin1d 0 -17.250000000000000 00000000
fastperlin1d 0 -17.250000000000000 00000000
perlin1d 0 -1.0000000000000000 00000000
fastperlin1d 0 -1.0000000000000000 00000000
perlin1d 0 -0.12500000000000000 3c662000
fastperlin1d 0 -0.12500000000000000 3c662000
perlin1d 0 0.0000000000000000 00000000
fastperlin1d 0 0.0000000000000000 00000000
perlin1d 0 0.12500000000000000 bc662000
fastperlin1d 0 0.12500000000000000 bc662000
perlin1d 0 0.50000000000000000 be800000
fastperlin1d 0 0.50000000000000000 be800000
perlin1d 0 1.0000000000000000 00000000
fastperlin1d 0 1.0000000000000000 00000000
perlin1d 0 17.250000000000000 be658000
fastperlin1d 0 17.250000000000000 be658000
perlin1d 0 255.87500000000000 3c662000
fastperlin1d 0 255.87500000000000 3c662000
perlin1d 0 256.00000000000000 00000000
fastperlin1d 0 256.00000000000000 00000000
perlin1d 0 1024.5000000000000 be800000
fastperlin1d 0 1024.5000000000000 be800000
perlin2d 0 -1024.5000000000000 -1.0000000000000000 3e000000
fastperlin2d 0 -1024.5000000000000 -1.0000000000000000 3e800000
perlin3d 0 -1024.5000000000000 -1.0000000000000000 0.0000000000000000 3df70517
fastperlin3d 0 -1024.5000000000000 -1.0000000000000000 0.0000000000000000 3e800000
perlin2d 0 -256.00000000000000 255.87500000000000 3d7be400
fastperlin2d 0 -256.00000000000000 255.87500000000000 3dfbe400
perlin3d 0 -256.00000000000000 255.87500000000000 -1.0000000000000000 00000000
fastperlin3d 0 -256.00000000000000 255.87500000000000 -1.0000000000000000 00000000
perlin2d 0 -17.250000000000000 -0.12500000000000000 3d8d3f43
fastperlin2d 0 -17.250000000000000 -0.12500000000000000 3e0d3f43
perlin3d 0 -17.250000000000000 -0.12500000000000000 -256.00000000000000 3d884ad9
fastperlin3d 0 -17.250000000000000 -0.12500000000000000 -256.00000000000000 3e0d3f43
perlin2d 0 -1.0000000000000000 256.00000000000000 00000000
fastperlin2d 0 -1.0000000000000000 256.00000000000000 00000000
perlin3d 0 -1.0000000000000000 256.00000000000000 1024.5000000000000 bdf70517
fastperlin3d 0 -1.0000000000000000 256.00000000000000 1024.5000000000000 be800000
perlin2d 0 -0.12500000000000000 0.0000000000000000 3be62000
fastperlin2d 0 -0.12500000000000000 0.0000000000000000 3c662000
perlin3d 0 -0.12500000000000000 0.0000000000000000 255.87500000000000 bd729bef
fastperlin3d 0 -0.12500000000000000 0.0000000000000000 255.87500000000000 bdfb6dcb
perlin2d 0 0.0000000000000000 1024.5000000000000 00000000
fastperlin2d 0 0.0000000000000000 1024.5000000000000 00000000
perlin3d 0 0.0000000000000000 1024.5000000000000 1.0000000000000000 00000000
fastperlin3d 0 0.0000000000000000 1024.5000000000000 1.0000000000000000 00000000
perlin2d 0 0.12500000000000000 0.12500000000000000 bd78c54e
fastperlin2d 0 0.12500000000000000 0.12500000000000000 bdf8c54e
perlin3d 0 0.12500000000000000 0.12500000000000000 0.12500000000000000 bc004ce5
fastperlin3d 0 0.12500000000000000 0.12500000000000000 0.12500000000000000 bc84f6ee
perlin2d 0 0.50000000000000000 -1024.5000000000000 bd800000
fastperlin2d 0 0.50000000000000000 -1024.5000000000000 be000000
perlin3d 0 0.50000000000000000 -1024.5000000000000 -0.12500000000000000 bddb9caa
fastperlin3d 0 0.50000000000000000 -1024.5000000000000 -0.12500000000000000 be639880
perlin2d 0 1.0000000000000000 0.50000000000000000 be800000
fastperlin2d 0 1.0000000000000000 0.50000000000000000 bf000000
perlin3d 0 1.0000000000000000 0.50000000000000000 -17.250000000000000 3e63d792
fastperlin3d 0 1.0000000000000000 0.50000000000000000 -17.250000000000000 3eec2000
perlin2d 0 17.250000000000000 -256.00000000000000 bde58000
fastperlin2d 0 17.250000000000000 -256.00000000000000 be658000
perlin3d 0 17.250000000000000 -256.00000000000000 -1024.5000000000000 3d5d7310
fastperlin3d 0 17.250000000000000 -256.00000000000000 -1024.5000000000000 3de58000
perlin2d 0 255.87500000000000 1.0000000000000000 bd8c5400
fastperlin2d 0 255.87500000000000 1.0000000000000000 be0c5400
perlin3d 0 255.87500000000000 1.0000000000000000 256.00000000000000 bd8767d6
fastperlin3d 0 255.87500000000000 1.0000000000000000 256.00000000000000 be0c5400
perlin2d 0 256.00000000000000 -17.250000000000000 bd960000
fastperlin2d 0 256.00000000000000 -17.250000000000000 be160000
perlin3d 0 256.00000000000000 -17.250000000000000 17.250000000000000 be597aa4
fastperlin3d 0 256.00000000000000 -17.250000000000000 17.250000000000000 bee162a0
perlin2d 0 1024.5000000000000 17.250000000000000 3d8d4000
fastperlin2d 0 1024.5000000000000 17.250000000000000 3e0d4000
perlin3d 0 1024.5000000000000 17.250000000000000 0.50000000000000000 3d770517
fastperlin3d 0 1024.5000000000000 17.250000000000000 0.50000000000000000 3e000000
randomfield2d 0 1 17.500000000000000 -1024 -1 00000000
randomfield3d 0 1 17.500000000000000 -1024 -1 0 00000000
randomfield2d 0 1 17.500000000000000 -256 255 00000000
randomfield3d 0 1 17.500000000000000 -256 255 -1 00000000
randomfield2d 0 1 17.500000000000000 -17 0 00000001
randomfield3d 0 1 17.500000000000000 -17 0 -256 00000000
randomfield2d 0 1 17.500000000000000 -1 256 00000001
randomfield3d 0 1 17.500000000000000 -1 256 1024 00000000
randomfield2d 0 1 17.500000000000000 0 0 00000000
randomfield3d 0 1 17.500000000000000 0 0 255 00000000
randomfield2d 0 1 17.500000000000000 0 1024 00000001
randomfield3d 0 1 17.500000000000000 0 1024 1 00000001
randomfield2d 0 1 17.500000000000000 0 0 00000000
randomfield3d 0 1 17.500000000000000 0 0 0 00000000
randomfield2d 0 1 17.500000000000000 0 -1024 00000000
randomfield3d 0 1 17.500000000000000 0 -1024 0 00000000
randomfield2d 0 1 17.500000000000000 1 0 00000000
randomfield3d 0 1 17.500000000000000 1 0 -17 00000001
randomfield2d 0 1 17.500000000000000 17 -256 00000000
randomfield3d 0 1 17.500000000000000 17 -256 -1024 00000001
randomfield2d 0 1 17.500000000000000 255 1 00000001
randomfield3d 0 1 17.500000000000000 255 1 256 00000001
randomfield2d 0 1 17.500000000000000 256 -17 00000001
randomfield3d 0 1 17.500000000000000 256 -17 17 00000001
randomfield2d 0 1 17.500000000000000 1024 17 00000000
randomfield3d 0 1 17.500000000000000 1024 17 0 00000000
randomfield2d 0 1 256.00000000000000 -1024 -1 00000001
randomfield3d 0 1 256.00000000000000 -1024 -1 0 00000001
randomfield2d 0 1 256.00000000000000 -256 255 00000001
randomfield3d 0 1 256.00000000000000 -256 255 -1 00000001
randomfield2d 0 1 256.00000000000000 -17 0 00000001
randomfield3d 0 1 256.00000000000000 -17 0 -256 00000000
randomfield2d 0 1 256.00000000000000 -1 256 00000000
randomfield3d 0 1 256.00000000000000 -1 256 1024 00000000
randomfield2d 0 1 256.00000000000000 0 0 00000000
randomfield3d 0 1 256.00000000000000 0 0 255 00000000
randomfield2d 0 1 256.00000000000000 0 1024 00000000
randomfield3d 0 1 256.00000000000000 0 1024 1 00000001
randomfield2d 0 1 256.00000000000000 0 0 00000000
randomfield3d 0 1 256.00000000000000 0 0 0 00000000
randomfield2d 0 1 256.00000000000000 0 -1024 00000000
randomfield3d 0 1 256.00000000000000 0 -1024 0 00000000
randomfield2d 0 1 256.00000000000000 1 0 00000000
randomfield3d 0 1 256.00000000000000 1 0 -17 00000000
randomfield2d 0 1 256.00000000000000 17 -256 00000000
randomfield3d 0 1 256.00000000000000 17 -256 -1024 00000001
randomfield2d 0 1 256.00000000000000 255 1 00000000
randomfield3d 0 1 256.00000000000000 255 1 256 00000000
randomfield2d 0 1 256.00000000000000 256 -17 00000001
randomfield3d 0 1 256.00000000000000 256 -17 17 00000001
randomfield2d 0 1 256.00000000000000 1024 17 00000000
randomfield3d 0 1 256.00000000000000 1024 17 0 00000000
randomfield2d 0 2 17.500000000000000 -1024 -1 00000000
randomfield3d 0 2 17.500000000000000 -1024 -1 0 00000000
randomfield2d 0 2 17.500000000000000 -256 255 00000001
randomfield3d 0 2 17.500000000000000 -256 255 -1 00000001
randomfield2d 0 2 17.500000000000000 -17 0 00000003
randomfield3d 0 2 17.500000000000000 -17 0 -256 00000000
randomfield2d 0 2 17.500000000000000 -1 256 00000003
randomfield3d 0 2 17.500000000000000 -1 256 1024 00000000
randomfield2d 0 2 17.500000000000000 0 0 00000000
randomfield3d 0 2 17.500000000000000 0 0 255 00000001
randomfield2d 0 2 17.500000000000000 0 1024 00000003
randomfield3d 0 2 17.500000000000000 0 1024 1 00000002
randomfield2d 0 2 17.500000000000000 0 0 00000000
randomfield3d 0 2 17.500000000000000 0 0 0 00000000
randomfield2d 0 2 17.500000000000000 0 -1024 00000000
randomfield3d 0 2 17.500000000000000 0 -1024 0 00000000
randomfield2d 0 2 17.500000000000000 1 0 00000000
randomfield3d 0 2 17.500000000000000 1 0 -17 00000002
randomfield2d 0 2 17.500000000000000 17 -256 00000001
randomfield3d 0 2 17.500000000000000 17 -256 -1024 00000003
randomfield2d 0 2 17.500000000000000 255 1 00000003
randomfield3d 0 2 17.500000000000000 255 1 256 00000002
randomfield2d 0 2 17.500000000000000 256 -17 00000003
randomfield3d 0 2 17.500000000000000 256 -17 17 00000003
randomfield2d 0 2 17.500000000000000 1024 17 00000000
randomfield3d 0 2 17.500000000000000 1024 17 0 00000000
randomfield2d 0 2 256.00000000000000 -1024 -1 00000002
randomfield3d 0 2 256.00000000000000 -1024 -1 0 00000002
randomfield2d 0 2 256.00000000000000 -256 255 00000002
randomfield3d 0 2 256.00000000000000 -256 255 -1 00000002
randomfield2d 0 2 256.00000000000000 -17 0 00000003
randomfield3d 0 2 256.00000000000000 -17 0 -256 00000000
randomfield2d 0 2 256.00000000000000 -1 256 00000001
randomfield3d 0 2 256.00000000000000 -1 256 1024 00000000
randomfield2d 0 2 256.00000000000000 0 0 00000000
randomfield3d 0 2 256.00000000000000 0 0 255 00000000
randomfield2d 0 2 256.00000000000000 0 1024 00000000
randomfield3d 0 2 256.00000000000000 0 1024 1 00000003
randomfield2d 0 2 256.00000000000000 0 0 00000000
randomfield3d 0 2 256.00000000000000 0 0 0 00000000
randomfield2d 0 2 256.00000000000000 0 -1024 00000000
randomfield3d 0 2 256.00000000000000 0 -1024 0 00000000
randomfield2d 0 2 256.00000000000000 1 0 00000000
randomfield3d 0 2 256.00000000000000 1 0 -17 00000001
randomfield2d 0 2 256.00000000000000 17 -256 00000000
randomfield3d 0 2 256.00000000000000 17 -256 -1024 00000002
randomfield2d 0 2 256.00000000000000 255 1 00000001
randomfield3d 0 2 256.00000000000000 255 1 256 00000000
randomfield2d 0 2 256.00000000000000 256 -17 00000002
randomfield3d 0 2 256.00000000000000 256 -17 17 00000002
randomfield2d 0 2 256.00000000000000 1024 17 00000000
randomfield3d 0 2 256.00000000000000 1024 17 0 00000000
randomfield2d 0 4 17.500000000000000 -1024 -1 00000001
randomfield3d 0 4 17.500000000000000 -1024 -1 0 00000001
randomfield2d 0 4 17.500000000000000 -256 255 00000005
randomfield3d 0 4 17.500000000000000 -256 255 -1 00000005
randomfield2d 0 4 17.500000000000000 -17 0 0000000f
randomfield3d 0 4 17.500000000000000 -17 0 -256 00000002
randomfield2d 0 4 17.500000000000000 -1 256 0000000e
randomfield3d 0 4 17.500000000000000 -1 256 1024 00000002
randomfield2d 0 4 17.500000000000000 0 0 00000000
randomfield3d 0 4 17.500000000000000 0 0 255 00000004
randomfield2d 0 4 17.500000000000000 0 1024 0000000c
randomfield3d 0 4 17.500000000000000 0 1024 1 0000000a
randomfield2d 0 4 17.500000000000000 0 0 00000000
randomfield3d 0 4 17.500000000000000 0 0 0 00000000
randomfield2d 0 4 17.500000000000000 0 -1024 00000002
randomfield3d 0 4 17.500000000000000 0 -1024 0 00000002
randomfield2d 0 4 17.500000000000000 1 0 00000000
randomfield3d 0 4 17.500000000000000 1 0 -17 0000000a
randomfield2d 0 4 17.500000000000000 17 -256 00000004
randomfield3d 0 4 17.500000000000000 17 -256 -1024 0000000f
randomfield2d 0 4 17.500000000000000 255 1 0000000f
randomfield3d 0 4 17.500000000000000 255 1 256 00000008
randomfield2d 0 4 17.500000000000000 256 -17 0000000d
randomfield3d 0 4 17.500000000000000 256 -17 17 0000000f
randomfield2d 0 4 17.500000000000000 1024 17 00000003
randomfield3d 0 4 17.500000000000000 1024 17 0 00000003
randomfield2d 0 4 256.00000000000000 -1024 -1 0000000a
randomfield3d 0 4 256.00000000000000 -1024 -1 0 0000000a
randomfield2d 0 4 256.00000000000000 -256 255 00000009
randomfield3d 0 4 256.00000000000000 -256 255 -1 00000009
randomfield2d 0 4 256.00000000000000 -17 0 0000000f
randomfield3d 0 4 256.00000000000000 -17 0 -256 00000001
randomfield2d 0 4 256.00000000000000 -1 256 00000007
randomfield3d 0 4 256.00000000000000 -1 256 1024 00000001
randomfield2d 0 4 256.00000000000000 0 0 00000000
randomfield3d 0 4 256.00000000000000 0 0 255 00000001
randomfield2d 0 4 256.00000000000000 0 1024 00000000
randomfield3d 0 4 256.00000000000000 0 1024 1 0000000c
randomfield2d 0 4 256.00000000000000 0 0 00000000
randomfield3d 0 4 256.00000000000000 0 0 0 00000000
randomfield2d 0 4 256.00000000000000 0 -1024 00000000
randomfield3d 0 4 256.00000000000000 0 -1024 0 00000000
randomfield2d 0 4 256.00000000000000 1 0 00000000
randomfield3d 0 4 256.00000000000000 1 0 -17 00000006
randomfield2d 0 4 256.00000000000000 17 -256 00000001
randomfield3d 0 4 256.00000000000000 17 -256 -1024 0000000a
randomfield2d 0 4 256.00000000000000 255 1 00000007
randomfield3d 0 4 256.00000000000000 255 1 256 00000003
randomfield2d 0 4 256.00000000000000 256 -17 00000009
randomfield3d 0 4 256.00000000000000 256 -17 17 00000009
randomfield2d 0 4 256.00000000000000 1024 17 00000001
randomfield3d 0 4 256.00000000000000 1024 17 0 00000001
randomfield2d 0 8 17.500000000000000 -1024 -1 00000018
randomfield3d 0 8 17.500000000000000 -1024 -1 0 00000018
randomfield2d 0 8 17.500000000000000 -256 255 00000053
randomfield3d 0 8 17.500000000000000 -256 255 -1 00000051
randomfield2d 0 8 17.500000000000000 -17 0 000000ff
randomfield3d 0 8 17.500000000000000 -17 0 -256 0000002f
randomfield2d 0 8 17.500000000000000 -1 256 000000e8
randomfield3d 0 8 17.500000000000000 -1 256 1024 0000002f
randomfield2d 0 8 17.500000000000000 0 0 00000000
randomfield3d 0 8 17.500000000000000 0 0 255 0000004c
randomfield2d 0 8 17.500000000000000 0 1024 000000c8
randomfield3d 0 8 17.500000000000000 0 1024 1 000000a8
randomfield2d 0 8 17.500000000000000 0 0 00000000
randomfield3d 0 8 17.500000000000000 0 0 0 00000000
randomfield2d 0 8 17.500000000000000 0 -1024 00000023
randomfield3d 0 8 17.500000000000000 0 -1024 0 00000023
randomfield2d 0 8 17.500000000000000 1 0 0000000c
randomfield3d 0 8 17.500000000000000 1 0 -17 000000a2
randomfield2d 0 8 17.500000000000000 17 -256 00000043
randomfield3d 0 8 17.500000000000000 17 -256 -1024 000000fd
randomfield2d 0 8 17.500000000000000 255 1 000000fe
randomfield3d 0 8 17.500000000000000 255 1 256 00000086
randomfield2d 0 8 17.500000000000000 256 -17 000000d9
randomfield3d 0 8 17.500000000000000 256 -17 17 000000f9
randomfield2d 0 8 17.500000000000000 1024 17 00000032
randomfield3d 0 8 17.500000000000000 1024 17 0 00000032
randomfield2d 0 8 256.00000000000000 -1024 -1 000000ab
randomfield3d 0 8 256.00000000000000 -1024 -1 0 000000ab
randomfield2d 0 8 256.00000000000000 -256 255 00000094
randomfield3d 0 8 256.00000000000000 -256 255 -1 00000094
randomfield2d 0 8 256.00000000000000 -17 0 000000f3
randomfield3d 0 8 256.00000000000000 -17 0 -256 0000001d
randomfield2d 0 8 256.00000000000000 -1 256 0000007d
randomfield3d 0 8 256.00000000000000 -1 256 1024 00000013
randomfield2d 0 8 256.00000000000000 0 0 00000000
randomfield3d 0 8 256.00000000000000 0 0 255 00000012
randomfield2d 0 8 256.00000000000000 0 1024 00000000
randomfield3d 0 8 256.00000000000000 0 1024 1 000000c6
randomfield2d 0 8 256.00000000000000 0 0 00000000
randomfield3d 0 8 256.00000000000000 0 0 0 00000000
randomfield2d 0 8 256.00000000000000 0 -1024 00000000
randomfield3d 0 8 256.00000000000000 0 -1024 0 00000000
randomfield2d 0 8 256.00000000000000 1 0 0000000c
randomfield3d 0 8 256.00000000000000 1 0 -17 0000006d
randomfield2d 0 8 256.00000000000000 17 -256 00000013
randomfield3d 0 8 256.00000000000000 17 -256 -1024 000000a8
randomfield2d 0 8 256.00000000000000 255 1 0000007c
randomfield3d 0 8 256.00000000000000 255 1 256 00000035
randomfield2d 0 8 256.00000000000000 256 -17 00000091
randomfield3d 0 8 256.00000000000000 256 -17 17 00000099
randomfield2d 0 8 256.00000000000000 1024 17 00000018
randomfield3d 0 8 256.00000000000000 1024 17 0 00000018
randomfield2d 0 12 17.500000000000000 -1024 -1 00000180
randomfield3d 0 12 17.500000000000000 -1024 -1 0 00000180
randomfield2d 0 12 17.500000000000000 -256 255 00000530
randomfield3d 0 12 17.500000000000000 -256 255 -1 00000510
randomfield2d 0 12 17.500000000000000 -17 0 00000ff0
randomfield3d 0 12 17.500000000000000 -17 0 -256 000002f8
randomfield2d 0 12 17.500000000000000 -1 256 00000e8e
randomfield3d 0 12 17.500000000000000 -1 256 1024 000002f8
randomfield2d 0 12 17.500000000000000 0 0 00000000
randomfield3d 0 12 17.500000000000000 0 0 255 000004c5
randomfield2d 0 12 17.500000000000000 0 1024 00000c87
randomfield3d 0 12 17.500000000000000 0 1024 1 00000a87
randomfield2d 0 12 17.500000000000000 0 0 00000000
randomfield3d 0 12 17.500000000000000 0 0 0 00000000
randomfield2d 0 12 17.500000000000000 0 -1024 00000230
randomfield3d 0 12 17.500000000000000 0 -1024 0 00000230
randomfield2d 0 12 17.500000000000000 1 0 000000c8
randomfield3d 0 12 17.500000000000000 1 0 -17 00000a26
randomfield2d 0 12 17.500000000000000 17 -256 00000432
randomfield3d 0 12 17.500000000000000 17 -256 -1024 00000fdc
randomfield2d 0 12 17.500000000000000 255 1 00000fef
randomfield3d 0 12 17.500000000000000 255 1 256 00000861
randomfield2d 0 12 17.500000000000000 256 -17 00000d97
randomfield3d 0 12 17.500000000000000 256 -17 17 00000f96
randomfield2d 0 12 17.500000000000000 1024 17 00000325
randomfield3d 0 12 17.500000000000000 1024 17 0 00000325
randomfield2d 0 12 256.00000000000000 -1024 -1 00000ab6
randomfield3d 0 12 256.00000000000000 -1024 -1 0 00000ab6
randomfield2d 0 12 256.00000000000000 -256 255 00000942
randomfield3d 0 12 256.00000000000000 -256 255 -1 00000946
randomfield2d 0 12 256.00000000000000 -17 0 00000f33
randomfield3d 0 12 256.00000000000000 -17 0 -256 000001d9
randomfield2d 0 12 256.00000000000000 -1 256 000007d5
randomfield3d 0 12 256.00000000000000 -1 256 1024 0000013e
randomfield2d 0 12 256.00000000000000 0 0 00000000
randomfield3d 0 12 256.00000000000000 0 0 255 0000012e
randomfield2d 0 12 256.00000000000000 0 1024 00000000
randomfield3d 0 12 256.00000000000000 0 1024 1 00000c6c
randomfield2d 0 12 256.00000000000000 0 0 00000000
randomfield3d 0 12 256.00000000000000 0 0 0 00000000
randomfield2d 0 12 256.00000000000000 0 -1024 00000000
randomfield3d 0 12 256.00000000000000 0 -1024 0 00000000
randomfield2d 0 12 256.00000000000000 1 0 000000c8
randomfield3d 0 12 256.00000000000000 1 0 -17 000006d8
randomfield2d 0 12 256.00000000000000 17 -256 00000139
randomfield3d 0 12 256.00000000000000 17 -256 -1024 00000a84
randomfield2d 0 12 256.00000000000000 255 1 000007c7
randomfield3d 0 12 256.00000000000000 255 1 256 0000035a
randomfield2d 0 12 256.00000000000000 256 -17 00000918
randomfield3d 0 12 256.00000000000000 256 -17 17 00000990
randomfield2d 0 12 256.00000000000000 1024 17 00000184
randomfield3d 0 12 256.00000000000000 1024 17 0 00000184
perlin1d 1 -1024.5000000000000 3e800000
fastperlin1d 1 -1024.5000000000000 3e800000
perlin1d 1 -256.00000000000000 00000000
fastperlin1d 1 -256.00000000000000 00000000
perlin1d 1 -17.250000000000000 3e160000
fastperlin1d 1 -17.250000000000000 3e160000
perlin1d 1 -1.0000000000000000 00000000
fastperlin1d 1 -1.0000000000000000 00000000
perlin1d 1 -0.12500000000000000 3c662000
fastperlin1d 1 -0.12500000000000000 3c662000
perlin1d 1 0.0000000000000000 00000000
fastperlin1d 1 0.0000000000000000 00000000
perlin1d 1 0.12500000000000000 bc662000
fastperlin1d 1 0.12500000000000000 bc662000
perlin1d 1 0.50000000000000000 be800000
fastperlin1d 1 0.50000000000000000 be800000
perlin1d 1 1.0000000000000000 00000000
fastperlin1d 1 1.0000000000000000 00000000
perlin1d 1 17.250000000000000 3e658000
fastperlin1d 1 17.250000000000000 3e658000
perlin1d 1 255.87500000000000 3c662000
fastperlin1d 1 255.87500000000000 3c662000
perlin1d 1 256.00000000000000 00000000
fastperlin1d 1 256.00000000000000 00000000
perlin1d 1 1024.5000000000000 be800000
fastperlin1d 1 1024.5000000000000 be800000
perlin2d 1 -1024.5000000000000 -1.0000000000000000 00000000
fastperlin2d 1 -1024.5000000000000 -1.0000000000000000 00000000
perlin3d 1 -1024.5000000000000 -1.0000000000000000 0.0000000000000000 00000000
fastperlin3d 1 -1024.5000000000000 -1.0000000000000000 0.0000000000000000 00000000
perlin2d 1 -256.00000000000000 255.87500000000000 3d5f2000
fastperlin2d 1 -256.00000000000000 255.87500000000000 3ddf2000
perlin3d 1 -256.00000000000000 255.87500000000000 -1.0000000000000000 3d574c50
fastperlin3d 1 -256.00000000000000 255.87500000000000 -1.0000000000000000 3ddf2000
perlin2d 1 -17.250000000000000 -0.12500000000000000 3df24a3f
fastperlin2d 1 -17.250000000000000 -0.12500000000000000 3e724a3f
perlin3d 1 -17.250000000000000 -0.12500000000000000 -256.00000000000000 3de9ca74
fastperlin3d 1 -17.250000000000000 -0.12500000000000000 -256.00000000000000 3e724a3f
perlin2d 1 -1.0000000000000000 256.00000000000000 00000000
fastperlin2d 1 -1.0000000000000000 256.00000000000000 00000000
perlin3d 1 -1.0000000000000000 256.00000000000000 1024.5000000000000 00000000
fastperlin3d 1 -1.0000000000000000 256.00000000000000 1024.5000000000000 00000000
perlin2d 1 -0.12500000000000000 0.0000000000000000 3be62000
fastperlin2d 1 -0.12500000000000000 0.0000000000000000 3c662000
perlin3d 1 -0.12500000000000000 0.0000000000000000 255.87500000000000 3d6eb521
fastperlin3d 1 -0.12500000000000000 0.0000000000000000 255.87500000000000 3df762ae
perlin2d 1 0.0000000000000000 1024.5000000000000 00000000
fastperlin2d 1 0.0000000000000000 1024.5000000000000 00000000
perlin3d 1 0.0000000000000000 1024.5000000000000 1.0000000000000000 be770517
fastperlin3d 1 0.0000000000000000 1024.5000000000000 1.0000000000000000 bf000000
perlin2d 1 0.12500000000000000 0.12500000000000000 bd735791
fastperlin2d 1 0.12500000000000000 0.12500000000000000 bdf35791
perlin3d 1 0.12500000000000000 0.12500000000000000 0.12500000000000000 bdebc0a6
fastperlin3d 1 0.12500000000000000 0.12500000000000000 0.12500000000000000 be7452b3
perlin2d 1 0.50000000000000000 -1024.5000000000000 be800000
fastperlin2d 1 0.50000000000000000 -1024.5000000000000 bf000000
perlin3d 1 0.50000000000000000 -1024.5000000000000 -0.12500000000000000 be582474
fastperlin3d 1 0.50000000000000000 -1024.5000000000000 -0.12500000000000000 bee00000
perlin2d 1 1.0000000000000000 0.50000000000000000 3e800000
fastperlin2d 1 1.0000000000000000 0.50000000000000000 3f000000
perlin3d 1 1.0000000000000000 0.50000000000000000 -17.250000000000000 bcee55e9
fastperlin3d 1 1.0000000000000000 0.50000000000000000 -17.250000000000000 bd770000
perlin2d 1 17.250000000000000 -256.00000000000000 3de58000
fastperlin2d 1 17.250000000000000 -256.00000000000000 3e658000
perlin3d 1 17.250000000000000 -256.00000000000000 -1024.5000000000000 3e43e109
fastperlin3d 1 17.250000000000000 -256.00000000000000 -1024.5000000000000 3ecb0000
perlin2d 1 255.87500000000000 1.0000000000000000 3be62000
fastperlin2d 1 255.87500000000000 1.0000000000000000 3c662000
perlin3d 1 255.87500000000000 1.0000000000000000 256.00000000000000 3bde0d74
fastperlin3d 1 255.87500000000000 1.0000000000000000 256.00000000000000 3c662000
perlin2d 1 256.00000000000000 -17.250000000000000 be1a8000
fastperlin2d 1 256.00000000000000 -17.250000000000000 be9a8000
perlin3d 1 256.00000000000000 -17.250000000000000 17.250000000000000 bdfc5053
fastperlin3d 1 256.00000000000000 -17.250000000000000 17.250000000000000 be82be40
perlin2d 1 1024.5000000000000 17.250000000000000 3d398000
fastperlin2d 1 1024.5000000000000 17.250000000000000 3db98000
perlin3d 1 1024.5000000000000 17.250000000000000 0.50000000000000000 be194d49
fastperlin3d 1 1024.5000000000000 17.250000000000000 0.50000000000000000 be9ee000
randomfield2d 1 1 17.500000000000000 -1024 -1 00000000
randomfield3d 1 1 17.500000000000000 -1024 -1 0 00000000
randomfield2d 1 1 17.500000000000000 -256 255 00000001
randomfield3d 1 1 17.500000000000000 -256 255 -1 00000001
randomfield2d 1 1 17.500000000000000 -17 0 00000001
randomfield3d 1 1 17.500000000000000 -17 0 -256 00000000
randomfield2d 1 1 17.500000000000000 -1 256 00000001
randomfield3d 1 1 17.500000000000000 -1 256 1024 00000000
randomfield2d 1 1 17.500000000000000 0 0 00000000
randomfield3d 1 1 17.500000000000000 0 0 255 00000001
randomfield2d 1 1 17.500000000000000 0 1024 00000001
randomfield3d 1 1 17.500000000000000 0 1024 1 00000000
randomfield2d 1 1 17.500000000000000 0 0 00000000
randomfield3d 1 1 17.500000000000000 0 0 0 00000000
randomfield2d 1 1 17.500000000000000 0 -1024 00000000
randomfield3d 1 1 17.500000000000000 0 -1024 0 00000000
randomfield2d 1 1 17.500000000000000 1 0 00000000
randomfield3d 1 1 17.500000000000000 1 0 -17 00000000
randomfield2d 1 1 17.500000000000000 17 -256 00000001
randomfield3d 1 1 17.500000000000000 17 -256 -1024 00000001
randomfield2d 1 1 17.500000000000000 255 1 00000001
randomfield3d 1 1 17.500000000000000 255 1 256 00000000
randomfield2d 1 1 17.500000000000000 256 -17 00000001
randomfield3d 1 1 17.500000000000000 256 -17 17 00000001
randomfield2d 1 1 17.500000000000000 1024 17 00000000
randomfield3d 1 1 17.500000000000000 1024 17 0 00000000
randomfield2d 1 1 256.00000000000000 -1024 -1 00000000
randomfield3d 1 1 256.00000000000000 -1024 -1 0 00000000
randomfield2d 1 1 256.00000000000000 -256 255 00000000
randomfield3d 1 1 256.00000000000000 -256 255 -1 00000000
randomfield2d 1 1 256.00000000000000 -17 0 00000001
randomfield3d 1 1 256.00000000000000 -17 0 -256 00000000
randomfield2d 1 1 256.00000000000000 -1 256 00000001
randomfield3d 1 1 256.00000000000000 -1 256 1024 00000000
randomfield2d 1 1 256.00000000000000 0 0 00000000
randomfield3d 1 1 256.00000000000000 0 0 255 00000000
randomfield2d 1 1 256.00000000000000 0 1024 00000000
randomfield3d 1 1 256.00000000000000 0 1024 1 00000001
randomfield2d 1 1 256.00000000000000 0 0 00000000
randomfield3d 1 1 256.00000000000000 0 0 0 00000000
randomfield2d 1 1 256.00000000000000 0 -1024 00000000
randomfield3d 1 1 256.00000000000000 0 -1024 0 00000000
randomfield2d 1 1 256.00000000000000 1 0 00000000
randomfield3d 1 1 256.00000000000000 1 0 -17 00000001
randomfield2d 1 1 256.00000000000000 17 -256 00000000
randomfield3d 1 1 256.00000000000000 17 -256 -1024 00000000
randomfield2d 1 1 256.00000000000000 255 1 00000001
randomfield3d 1 1 256.00000000000000 255 1 256 00000000
randomfield2d 1 1 256.00000000000000 256 -17 00000000
randomfield3d 1 1 256.00000000000000 256 -17 17 00000000
randomfield2d 1 1 256.00000000000000 1024 17 00000000
randomfield3d 1 1 256.00000000000000 1024 17 0 00000000
randomfield2d 1 2 17.500000000000000 -1024 -1 00000000
randomfield3d 1 2 17.500000000000000 -1024 -1 0 00000000
randomfield2d 1 2 17.500000000000000 -256 255 00000002
randomfield3d 1 2 17.500000000000000 -256 255 -1 00000002
randomfield2d 1 2 17.500000000000000 -17 0 00000003
randomfield3d 1 2 17.500000000000000 -17 0 -256 00000001
randomfield2d 1 2 17.500000000000000 -1 256 00000003
randomfield3d 1 2 17.500000000000000 -1 256 1024 00000001
randomfield2d 1 2 17.500000000000000 0 0 00000000
randomfield3d 1 2 17.500000000000000 0 0 255 00000002
randomfield2d 1 2 17.500000000000000 0 1024 00000002
randomfield3d 1 2 17.500000000000000 0 1024 1 00000001
randomfield2d 1 2 17.500000000000000 0 0 00000000
randomfield3d 1 2 17.500000000000000 0 0 0 00000000
randomfield2d 1 2 17.500000000000000 0 -1024 00000001
randomfield3d 1 2 17.500000000000000 0 -1024 0 00000001
randomfield2d 1 2 17.500000000000000 1 0 00000000
randomfield3d 1 2 17.500000000000000 1 0 -17 00000001
randomfield2d 1 2 17.500000000000000 17 -256 00000002
randomfield3d 1 2 17.500000000000000 17 -256 -1024 00000003
randomfield2d 1 2 17.500000000000000 255 1 00000003
randomfield3d 1 2 17.500000000000000 255 1 256 00000000
randomfield2d 1 2 17.500000000000000 256 -17 00000002
randomfield3d 1 2 17.500000000000000 256 -17 17 00000003
randomfield2d 1 2 17.500000000000000 1024 17 00000001
randomfield3d 1 2 17.500000000000000 1024 17 0 00000001
randomfield2d 1 2 256.00000000000000 -1024 -1 00000001
randomfield3d 1 2 256.00000000000000 -1024 -1 0 00000001
randomfield2d 1 2 256.00000000000000 -256 255 00000000
randomfield3d 1 2 256.00000000000000 -256 255 -1 00000000
randomfield2d 1 2 256.00000000000000 -17 0 00000003
randomfield3d 1 2 256.00000000000000 -17 0 -256 00000000
randomfield2d 1 2 256.00000000000000 -1 256 00000003
randomfield3d 1 2 256.00000000000000 -1 256 1024 00000000
randomfield2d 1 2 256.00000000000000 0 0 00000000
randomfield3d 1 2 256.00000000000000 0 0 255 00000000
randomfield2d 1 2 256.00000000000000 0 1024 00000000
randomfield3d 1 2 256.00000000000000 0 1024 1 00000002
randomfield2d 1 2 256.00000000000000 0 0 00000000
randomfield3d 1 2 256.00000000000000 0 0 0 00000000
randomfield2d 1 2 256.00000000000000 0 -1024 00000000
randomfield3d 1 2 256.00000000000000 0 -1024 0 00000000
randomfield2d 1 2 256.00000000000000 1 0 00000000
randomfield3d 1 2 256.00000000000000 1 0 -17 00000003
randomfield2d 1 2 256.00000000000000 17 -256 00000000
randomfield3d 1 2 256.00000000000000 17 -256 -1024 00000001
randomfield2d 1 2 256.00000000000000 255 1 00000003
randomfield3d 1 2 256.00000000000000 255 1 256 00000001
randomfield2d 1 2 256.00000000000000 256 -17 00000000
randomfield3d 1 2 256.00000000000000 256 -17 17 00000000
randomfield2d 1 2 256.00000000000000 1024 17 00000000
randomfield3d 1 2 256.00000000000000 1024 17 0 00000000
randomfield2d 1 4 17.500000000000000 -1024 -1 00000003
randomfield3d 1 4 17.500000000000000 -1024 -1 0 00000003
randomfield2d 1 4 17.500000000000000 -256 255 0000000a
randomfield3d 1 4 17.500000000000000 -256 255 -1 0000000a
randomfield2d 1 4 17.500000000000000 -17 0 0000000f
randomfield3d 1 4 17.500000000000000 -17 0 -256 00000005
randomfield2d 1 4 17.500000000000000 -1 256 0000000d
randomfield3d 1 4 17.500000000000000 -1 256 1024 00000005
randomfield2d 1 4 17.500000000000000 0 0 00000000
randomfield3d 1 4 17.500000000000000 0 0 255 00000009
randomfield2d 1 4 17.500000000000000 0 1024 00000009
randomfield3d 1 4 17.500000000000000 0 1024 1 00000005
randomfield2d 1 4 17.500000000000000 0 0 00000000
randomfield3d 1 4 17.500000000000000 0 0 0 00000000
randomfield2d 1 4 17.500000000000000 0 -1024 00000004
randomfield3d 1 4 17.500000000000000 0 -1024 0 00000004
randomfield2d 1 4 17.500000000000000 1 0 00000001
randomfield3d 1 4 17.500000000000000 1 0 -17 00000004
randomfield2d 1 4 17.500000000000000 17 -256 00000008
randomfield3d 1 4 17.500000000000000 17 -256 -1024 0000000f
randomfield2d 1 4 17.500000000000000 255 1 0000000f
randomfield3d 1 4 17.500000000000000 255 1 256 00000000
randomfield2d 1 4 17.500000000000000 256 -17 0000000b
randomfield3d 1 4 17.500000000000000 256 -17 17 0000000f
randomfield2d 1 4 17.500000000000000 1024 17 00000006
randomfield3d 1 4 17.500000000000000 1024 17 0 00000006
randomfield2d 1 4 256.00000000000000 -1024 -1 00000005
randomfield3d 1 4 256.00000000000000 -1024 -1 0 00000005
randomfield2d 1 4 256.00000000000000 -256 255 00000002
randomfield3d 1 4 256.00000000000000 -256 255 -1 00000002
randomfield2d 1 4 256.00000000000000 -17 0 0000000e
randomfield3d 1 4 256.00000000000000 -17 0 -256 00000003
randomfield2d 1 4 256.00000000000000 -1 256 0000000f
randomfield3d 1 4 256.00000000000000 -1 256 1024 00000002
randomfield2d 1 4 256.00000000000000 0 0 00000000
randomfield3d 1 4 256.00000000000000 0 0 255 00000002
randomfield2d 1 4 256.00000000000000 0 1024 00000000
randomfield3d 1 4 256.00000000000000 0 1024 1 00000008
randomfield2d 1 4 256.00000000000000 0 0 00000000
randomfield3d 1 4 256.00000000000000 0 0 0 00000000
randomfield2d 1 4 256.00000000000000 0 -1024 00000000
randomfield3d 1 4 256.00000000000000 0 -1024 0 00000000
randomfield2d 1 4 256.00000000000000 1 0 00000001
randomfield3d 1 4 256.00000000000000 1 0 -17 0000000d
randomfield2d 1 4 256.00000000000000 17 -256 00000002
randomfield3d 1 4 256.00000000000000 17 -256 -1024 00000005
randomfield2d 1 4 256.00000000000000 255 1 0000000f
randomfield3d 1 4 256.00000000000000 255 1 256 00000006
randomfield2d 1 4 256.00000000000000 256 -17 00000002
randomfield3d 1 4 256.00000000000000 256 -17 17 00000003
randomfield2d 1 4 256.00000000000000 1024 17 00000003
randomfield3d 1 4 256.00000000000000 1024 17 0 00000003
randomfield2d 1 8 17.500000000000000 -1024 -1 00000030
randomfield3d 1 8 17.500000000000000 -1024 -1 0 00000030
randomfield2d 1 8 17.500000000000000 -256 255 000000a6
randomfield3d 1 8 17.500000000000000 -256 255 -1 000000a2
randomfield2d 1 8 17.500000000000000 -17 0 000000fe
randomfield3d 1 8 17.500000000000000 -17 0 -256 0000005f
randomfield2d 1 8 17.500000000000000 -1 256 000000d1
randomfield3d 1 8 17.500000000000000 -1 256 1024 0000005f
randomfield2d 1 8 17.500000000000000 0 0 00000000
randomfield3d 1 8 17.500000000000000 0 0 255 00000098
randomfield2d 1 8 17.500000000000000 0 1024 00000090
randomfield3d 1 8 17.500000000000000 0 1024 1 00000050
randomfield2d 1 8 17.500000000000000 0 0 00000000
randomfield3d 1 8 17.500000000000000 0 0 0 00000000
randomfield2d 1 8 17.500000000000000 0 -1024 00000046
randomfield3d 1 8 17.500000000000000 0 -1024 0 00000046
randomfield2d 1 8 17.500000000000000 1 0 00000019
randomfield3d 1 8 17.500000000000000 1 0 -17 00000044
randomfield2d 1 8 17.500000000000000 17 -256 00000086
randomfield3d 1 8 17.500000000000000 17 -256 -1024 000000fb
randomfield2d 1 8 17.500000000000000 255 1 000000fd
randomfield3d 1 8 17.500000000000000 255 1 256 0000000c
randomfield2d 1 8 17.500000000000000 256 -17 000000b2
randomfield3d 1 8 17.500000000000000 256 -17 17 000000f2
randomfield2d 1 8 17.500000000000000 1024 17 00000064
randomfield3d 1 8 17.500000000000000 1024 17 0 00000064
randomfield2d 1 8 256.00000000000000 -1024 -1 00000056
randomfield3d 1 8 256.00000000000000 -1024 -1 0 00000056
randomfield2d 1 8 256.00000000000000 -256 255 00000028
randomfield3d 1 8 256.00000000000000 -256 255 -1 00000028
randomfield2d 1 8 256.00000000000000 -17 0 000000e6
randomfield3d 1 8 256.00000000000000 -17 0 -256 0000003b
randomfield2d 1 8 256.00000000000000 -1 256 000000fa
randomfield3d 1 8 256.00000000000000 -1 256 1024 00000027
randomfield2d 1 8 256.00000000000000 0 0 00000000
randomfield3d 1 8 256.00000000000000 0 0 255 00000025
randomfield2d 1 8 256.00000000000000 0 1024 00000000
randomfield3d 1 8 256.00000000000000 0 1024 1 0000008d
randomfield2d 1 8 256.00000000000000 0 0 00000000
randomfield3d 1 8 256.00000000000000 0 0 0 00000000
randomfield2d 1 8 256.00000000000000 0 -1024 00000000
randomfield3d 1 8 256.00000000000000 0 -1024 0 00000000
randomfield2d 1 8 256.00000000000000 1 0 00000019
randomfield3d 1 8 256.00000000000000 1 0 -17 000000db
randomfield2d 1 8 256.00000000000000 17 -256 00000027
randomfield3d 1 8 256.00000000000000 17 -256 -1024 00000050
randomfield2d 1 8 256.00000000000000 255 1 000000f8
randomfield3d 1 8 256.00000000000000 255 1 256 0000006b
randomfield2d 1 8 256.00000000000000 256 -17 00000023
randomfield3d 1 8 256.00000000000000 256 -17 17 00000032
randomfield2d 1 8 256.00000000000000 1024 17 00000030
randomfield3d 1 8 256.00000000000000 1024 17 0 00000030
randomfield2d 1 12 17.500000000000000 -1024 -1 00000301
randomfield3d 1 12 17.500000000000000 -1024 -1 0 00000301
randomfield2d 1 12 17.500000000000000 -256 255 00000a60
randomfield3d 1 12 17.500000000000000 -256 255 -1 00000a20
randomfield2d 1 12 17.500000000000000 -17 0 00000fe0
randomfield3d 1 12 17.500000000000000 -17 0 -256 000005f0
randomfield2d 1 12 17.500000000000000 -1 256 00000d1d
randomfield3d 1 12 17.500000000000000 -1 256 1024 000005f1
randomfield2d 1 12 17.500000000000000 0 0 00000000
randomfield3d 1 12 17.500000000000000 0 0 255 0000098b
randomfield2d 1 12 17.500000000000000 0 1024 0000090f
randomfield3d 1 12 17.500000000000000 0 1024 1 0000050f
randomfield2d 1 12 17.500000000000000 0 0 00000000
randomfield3d 1 12 17.500000000000000 0 0 0 00000000
randomfield2d 1 12 17.500000000000000 0 -1024 00000460
randomfield3d 1 12 17.500000000000000 0 -1024 0 00000460
randomfield2d 1 12 17.500000000000000 1 0 00000190
randomfield3d 1 12 17.500000000000000 1 0 -17 0000044c
randomfield2d 1 12 17.500000000000000 17 -256 00000865
randomfield3d 1 12 17.500000000000000 17 -256 -1024 00000fb9
randomfield2d 1 12 17.500000000000000 255 1 00000fdf
randomfield3d 1 12 17.500000000000000 255 1 256 000000c2
randomfield2d 1 12 17.500000000000000 256 -17 00000b2f
randomfield3d 1 12 17.500000000000000 256 -17 17 00000f2d
randomfield2d 1 12 17.500000000000000 1024 17 0000064b
randomfield3d 1 12 17.500000000000000 1024 17 0 0000064b
randomfield2d 1 12 256.00000000000000 -1024 -1 0000056c
randomfield3d 1 12 256.00000000000000 -1024 -1 0 0000056c
randomfield2d 1 12 256.00000000000000 -256 255 00000284
randomfield3d 1 12 256.00000000000000 -256 255 -1 0000028c
randomfield2d 1 12 256.00000000000000 -17 0 00000e66
randomfield3d 1 12 256.00000000000000 -17 0 -256 000003b3
randomfield2d 1 12 256.00000000000000 -1 256 00000fab
randomfield3d 1 12 256.00000000000000 -1 256 1024 0000027c
randomfield2d 1 12 256.00000000000000 0 0 00000000
randomfield3d 1 12 256.00000000000000 0 0 255 0000025d
randomfield2d 1 12 256.00000000000000 0 1024 00000000
randomfield3d 1 12 256.00000000000000 0 1024 1 000008d8
randomfield2d 1 12 256.00000000000000 0 0 00000000
randomfield3d 1 12 256.00000000000000 0 0 0 00000000
randomfield2d 1 12 256.00000000000000 0 -1024 00000000
randomfield3d 1 12 256.00000000000000 0 -1024 0 00000000
randomfield2d 1 12 256.00000000000000 1 0 00000190
randomfield3d 1 12 256.00000000000000 1 0 -17 00000db1
randomfield2d 1 12 256.00000000000000 17 -256 00000273
randomfield3d 1 12 256.00000000000000 17 -256 -1024 00000509
randomfield2d 1 12 256.00000000000000 255 1 00000f8e
randomfield3d 1 12 256.00000000000000 255 1 256 000006b4
randomfield2d 1 12 256.00000000000000 256 -17 00000231
randomfield3d 1 12 256.00000000000000 256 -17 17 00000320
randomfield2d 1 12 256.00000000000000 1024 17 00000309
randomfield3d 1 12 256.00000000000000 1024 17 0 00000309
perlin1d -1 -1024.5000000000000 3e800000
fastperlin1d -1 -1024.5000000000000 3e800000
perlin1d -1 -256.00000000000000 00000000
fastperlin1d -1 -256.00000000000000 00000000
perlin1d -1 -17.250000000000000 00000000
fastperlin1d -1 -17.250000000000000 00000000
perlin1d -1 -1.0000000000000000 00000000
fastperlin1d -1 -1.0000000000000000 00000000
perlin1d -1 -0.12500000000000000 3c662000
fastperlin1d -1 -0.12500000000000000 3c662000
perlin1d -1 0.0000000000000000 00000000
fastperlin1d -1 0.0000000000000000 00000000
perlin1d -1 0.12500000000000000 bc662000
fastperlin1d -1 0.12500000000000000 bc662000
perlin1d -1 0.50000000000000000 be800000
fastperlin1d -1 0.50000000000000000 be800000
perlin1d -1 1.0000000000000000 00000000
fastperlin1d -1 1.0000000000000000 00000000
perlin1d -1 17.250000000000000 be160000
fastperlin1d -1 17.250000000000000 be160000
perlin1d -1 255.87500000000000 3c662000
fastperlin1d -1 255.87500000000000 3c662000
perlin1d -1 256.00000000000000 00000000
fastperlin1d -1 256.00000000000000 00000000
perlin1d -1 1024.5000000000000 be800000
fastperlin1d -1 1024.5000000000000 be800000
perlin2d -1 -1024.5000000000000 -1.0000000000000000 3e800000
fastperlin2d -1 -1024.5000000000000 -1.0000000000000000 3f000000
perlin3d -1 -1024.5000000000000 -1.0000000000000000 0.0000000000000000 3e770517
fastperlin3d -1 -1024.5000000000000 -1.0000000000000000 0.0000000000000000 3f000000
perlin2d -1 -256.00000000000000 255.87500000000000 3d8c5400
fastperlin2d -1 -256.00000000000000 255.87500000000000 3e0c5400
perlin3d -1 -256.00000000000000 255.87500000000000 -1.0000000000000000 bd574c50
fastperlin3d -1 -256.00000000000000 255.87500000000000 -1.0000000000000000 bddf2000
perlin2d -1 -17.250000000000000 -0.12500000000000000 3d85aa9c
fastperlin2d -1 -17.250000000000000 -0.12500000000000000 3e05aa9c
perlin3d -1 -17.250000000000000 -0.12500000000000000 -256.00000000000000 3d80fa45
fastperlin3d -1 -17.250000000000000 -0.12500000000000000 -256.00000000000000 3e05aa9c
perlin2d -1 -1.0000000000000000 256.00000000000000 00000000
fastperlin2d -1 -1.0000000000000000 256.00000000000000 00000000
perlin3d -1 -1.0000000000000000 256.00000000000000 1024.5000000000000 3df70517
fastperlin3d -1 -1.0000000000000000 256.00000000000000 1024.5000000000000 3e800000
perlin2d -1 -0.12500000000000000 0.0000000000000000 3be62000
fastperlin2d -1 -0.12500000000000000 0.0000000000000000 3c662000
perlin3d -1 -0.12500000000000000 0.0000000000000000 255.87500000000000 3d850260
fastperlin3d -1 -0.12500000000000000 0.0000000000000000 255.87500000000000 3e09d83c
perlin2d -1 0.0000000000000000 1024.5000000000000 be800000
fastperlin2d -1 0.0000000000000000 1024.5000000000000 bf000000
perlin3d -1 0.0000000000000000 1024.5000000000000 1.0000000000000000 3df70517
fastperlin3d -1 0.0000000000000000 1024.5000000000000 1.0000000000000000 3e800000
perlin2d -1 0.12500000000000000 0.12500000000000000 bd95f993
fastperlin2d -1 0.12500000000000000 0.12500000000000000 be15f993
perlin3d -1 0.12500000000000000 0.12500000000000000 0.12500000000000000 bdfe4224
fastperlin3d -1 0.12500000000000000 0.12500000000000000 0.12500000000000000 be83c035
perlin2d -1 0.50000000000000000 -1024.5000000000000 bd800000
fastperlin2d -1 0.50000000000000000 -1024.5000000000000 be000000
perlin3d -1 0.50000000000000000 -1024.5000000000000 -0.12500000000000000 bd33512c
fastperlin3d -1 0.50000000000000000 -1024.5000000000000 -0.12500000000000000 bdb9d600
perlin2d -1 1.0000000000000000 0.50000000000000000 3e800000
fastperlin2d -1 1.0000000000000000 0.50000000000000000 3f000000
perlin3d -1 1.0000000000000000 0.50000000000000000 -17.250000000000000 bd90bcfc
fastperlin3d -1 1.0000000000000000 0.50000000000000000 -17.250000000000000 be160000
perlin2d -1 17.250000000000000 -256.00000000000000 bd960000
fastperlin2d -1 17.250000000000000 -256.00000000000000 be160000
perlin3d -1 17.250000000000000 -256.00000000000000 -1024.5000000000000 3d2a4f03
fastperlin3d -1 17.250000000000000 -256.00000000000000 -1024.5000000000000 3db08000
perlin2d -1 255.87500000000000 1.0000000000000000 3be62000
fastperlin2d -1 255.87500000000000 1.0000000000000000 3c662000
perlin3d -1 255.87500000000000 1.0000000000000000 256.00000000000000 3bde0d74
fastperlin3d -1 255.87500000000000 1.0000000000000000 256.00000000000000 3c662000
perlin2d -1 256.00000000000000 -17.250000000000000 3de58000
fastperlin2d -1 256.00000000000000 -17.250000000000000 3e658000
perlin3d -1 256.00000000000000 -17.250000000000000 17.250000000000000 bdd58237
fastperlin3d -1 256.00000000000000 -17.250000000000000 17.250000000000000 be5d4540
perlin2d -1 1024.5000000000000 17.250000000000000 3d9a8000
fastperlin2d -1 1024.5000000000000 17.250000000000000 3e1a8000
perlin3d -1 1024.5000000000000 17.250000000000000 0.50000000000000000 be0d9a2b
fastperlin3d -1 1024.5000000000000 17.250000000000000 0.50000000000000000 be92c000
randomfield2d -1 1 17.500000000000000 -1024 -1 00000001
randomfield3d -1 1 17.500000000000000 -1024 -1 0 00000001
randomfield2d -1 1 17.500000000000000 -256 255 00000001
randomfield3d -1 1 17.500000000000000 -256 255 -1 00000001
randomfield2d -1 1 17.500000000000000 -17 0 00000001
randomfield3d -1 1 17.500000000000000 -17 0 -256 00000000
randomfield2d -1 1 17.500000000000000 -1 256 00000001
randomfield3d -1 1 17.500000000000000 -1 256 1024 00000001
randomfield2d -1 1 17.500000000000000 0 0 00000000
randomfield3d -1 1 17.500000000000000 0 0 255 00000000
randomfield2d -1 1 17.500000000000000 0 1024 00000000
randomfield3d -1 1 17.500000000000000 0 1024 1 00000000
randomfield2d -1 1 17.500000000000000 0 0 00000000
randomfield3d -1 1 17.500000000000000 0 0 0 00000000
randomfield2d -1 1 17.500000000000000 0 -1024 00000001
randomfield3d -1 1 17.500000000000000 0 -1024 0 00000001
randomfield2d -1 1 17.500000000000000 1 0 00000000
randomfield3d -1 1 17.500000000000000 1 0 -17 00000000
randomfield2d -1 1 17.500000000000000 17 -256 00000001
randomfield3d -1 1 17.500000000000000 17 -256 -1024 00000000
randomfield2d -1 1 17.500000000000000 255 1 00000001
randomfield3d -1 1 17.500000000000000 255 1 256 00000001
randomfield2d -1 1 17.500000000000000 256 -17 00000000
randomfield3d -1 1 17.500000000000000 256 -17 17 00000001
randomfield2d -1 1 17.500000000000000 1024 17 00000000
randomfield3d -1 1 17.500000000000000 1024 17 0 00000000
randomfield2d -1 1 256.00000000000000 -1024 -1 00000001
randomfield3d -1 1 256.00000000000000 -1024 -1 0 00000001
randomfield2d -1 1 256.00000000000000 -256 255 00000000
randomfield3d -1 1 256.00000000000000 -256 255 -1 00000000
randomfield2d -1 1 256.00000000000000 -17 0 00000001
randomfield3d -1 1 256.00000000000000 -17 0 -256 00000001
randomfield2d -1 1 256.00000000000000 -1 256 00000001
randomfield3d -1 1 256.00000000000000 -1 256 1024 00000000
randomfield2d -1 1 256.00000000000000 0 0 00000000
randomfield3d -1 1 256.00000000000000 0 0 255 00000000
randomfield2d -1 1 256.00000000000000 0 1024 00000000
randomfield3d -1 1 256.00000000000000 0 1024 1 00000000
randomfield2d -1 1 256.00000000000000 0 0 00000000
randomfield3d -1 1 256.00000000000000 0 0 0 00000000
randomfield2d -1 1 256.00000000000000 0 -1024 00000000
randomfield3d -1 1 256.00000000000000 0 -1024 0 00000000
randomfield2d -1 1 256.00000000000000 1 0 00000000
randomfield3d -1 1 256.00000000000000 1 0 -17 00000001
randomfield2d -1 1 256.00000000000000 17 -256 00000000
randomfield3d -1 1 256.00000000000000 17 -256 -1024 00000000
randomfield2d -1 1 256.00000000000000 255 1 00000001
randomfield3d -1 1 256.00000000000000 255 1 256 00000000
randomfield2d -1 1 256.00000000000000 256 -17 00000000
randomfield3d -1 1 256.00000000000000 256 -17 17 00000000
randomfield2d -1 1 256.00000000000000 1024 17 00000000
randomfield3d -1 1 256.00000000000000 1024 17 0 00000000
randomfield2d -1 2 17.500000000000000 -1024 -1 00000002
randomfield3d -1 2 17.500000000000000 -1024 -1 0 00000002
randomfield2d -1 2 17.500000000000000 -256 255 00000002
randomfield3d -1 2 17.500000000000000 -256 255 -1 00000002
randomfield2d -1 2 17.500000000000000 -17 0 00000003
randomfield3d -1 2 17.500000000000000 -17 0 -256 00000000
randomfield2d -1 2 17.500000000000000 -1 256 00000003
randomfield3d -1 2 17.500000000000000 -1 256 1024 00000002
randomfield2d -1 2 17.500000000000000 0 0 00000000
randomfield3d -1 2 17.500000000000000 0 0 255 00000000
randomfield2d -1 2 17.500000000000000 0 1024 00000001
randomfield3d -1 2 17.500000000000000 0 1024 1 00000001
randomfield2d -1 2 17.500000000000000 0 0 00000000
randomfield3d -1 2 17.500000000000000 0 0 0 00000000
randomfield2d -1 2 17.500000000000000 0 -1024 00000002
randomfield3d -1 2 17.500000000000000 0 -1024 0 00000002
randomfield2d -1 2 17.500000000000000 1 0 00000000
randomfield3d -1 2 17.500000000000000 1 0 -17 00000001
randomfield2d -1 2 17.500000000000000 17 -256 00000002
randomfield3d -1 2 17.500000000000000 17 -256 -1024 00000001
randomfield2d -1 2 17.500000000000000 255 1 00000003
randomfield3d -1 2 17.500000000000000 255 1 256 00000003
randomfield2d -1 2 17.500000000000000 256 -17 00000001
randomfield3d -1 2 17.500000000000000 256 -17 17 00000003
randomfield2d -1 2 17.500000000000000 1024 17 00000000
randomfield3d -1 2 17.500000000000000 1024 17 0 00000000
randomfield2d -1 2 256.00000000000000 -1024 -1 00000003
randomfield3d -1 2 256.00000000000000 -1024 -1 0 00000003
randomfield2d -1 2 256.00000000000000 -256 255 00000001
randomfield3d -1 2 256.00000000000000 -256 255 -1 00000001
randomfield2d -1 2 256.00000000000000 -17 0 00000003
randomfield3d -1 2 256.00000000000000 -17 0 -256 00000002
randomfield2d -1 2 256.00000000000000 -1 256 00000002
randomfield3d -1 2 256.00000000000000 -1 256 1024 00000000
randomfield2d -1 2 256.00000000000000 0 0 00000000
randomfield3d -1 2 256.00000000000000 0 0 255 00000000
randomfield2d -1 2 256.00000000000000 0 1024 00000000
randomfield3d -1 2 256.00000000000000 0 1024 1 00000001
randomfield2d -1 2 256.00000000000000 0 0 00000000
randomfield3d -1 2 256.00000000000000 0 0 0 00000000
randomfield2d -1 2 256.00000000000000 0 -1024 00000000
randomfield3d -1 2 256.00000000000000 0 -1024 0 00000000
randomfield2d -1 2 256.00000000000000 1 0 00000000
randomfield3d -1 2 256.00000000000000 1 0 -17 00000002
randomfield2d -1 2 256.00000000000000 17 -256 00000000
randomfield3d -1 2 256.00000000000000 17 -256 -1024 00000001
randomfield2d -1 2 256.00000000000000 255 1 00000002
randomfield3d -1 2 256.00000000000000 255 1 256 00000000
randomfield2d -1 2 256.00000000000000 256 -17 00000001
randomfield3d -1 2 256.00000000000000 256 -17 17 00000001
randomfield2d -1 2 256.00000000000000 1024 17 00000000
randomfield3d -1 2 256.00000000000000 1024 17 0 00000000
randomfield2d -1 4 17.500000000000000 -1024 -1 00000008
randomfield3d -1 4 17.500000000000000 -1024 -1 0 00000008
randomfield2d -1 4 17.500000000000000 -256 255 0000000a
randomfield3d -1 4 17.500000000000000 -256 255 -1 0000000a
randomfield2d -1 4 17.500000000000000 -17 0 0000000f
randomfield3d -1 4 17.500000000000000 -17 0 -256 00000001
randomfield2d -1 4 17.500000000000000 -1 256 0000000f
randomfield3d -1 4 17.500000000000000 -1 256 1024 00000009
randomfield2d -1 4 17.500000000000000 0 0 00000000
randomfield3d -1 4 17.500000000000000 0 0 255 00000002
randomfield2d -1 4 17.500000000000000 0 1024 00000006
randomfield3d -1 4 17.500000000000000 0 1024 1 00000005
randomfield2d -1 4 17.500000000000000 0 0 00000000
randomfield3d -1 4 17.500000000000000 0 0 0 00000000
randomfield2d -1 4 17.500000000000000 0 -1024 00000009
randomfield3d -1 4 17.500000000000000 0 -1024 0 00000009
randomfield2d -1 4 17.500000000000000 1 0 00000000
randomfield3d -1 4 17.500000000000000 1 0 -17 00000005
randomfield2d -1 4 17.500000000000000 17 -256 0000000a
randomfield3d -1 4 17.500000000000000 17 -256 -1024 00000007
randomfield2d -1 4 17.500000000000000 255 1 0000000f
randomfield3d -1 4 17.500000000000000 255 1 256 0000000c
randomfield2d -1 4 17.500000000000000 256 -17 00000006
randomfield3d -1 4 17.500000000000000 256 -17 17 0000000f
randomfield2d -1 4 17.500000000000000 1024 17 00000001
randomfield3d -1 4 17.500000000000000 1024 17 0 00000001
randomfield2d -1 4 256.00000000000000 -1024 -1 0000000d
randomfield3d -1 4 256.00000000000000 -1024 -1 0 0000000d
randomfield2d -1 4 256.00000000000000 -256 255 00000004
randomfield3d -1 4 256.00000000000000 -256 255 -1 00000004
randomfield2d -1 4 256.00000000000000 -17 0 0000000f
randomfield3d -1 4 256.00000000000000 -17 0 -256 00000008
randomfield2d -1 4 256.00000000000000 -1 256 0000000b
randomfield3d -1 4 256.00000000000000 -1 256 1024 00000000
randomfield2d -1 4 256.00000000000000 0 0 00000000
randomfield3d -1 4 256.00000000000000 0 0 255 00000000
randomfield2d -1 4 256.00000000000000 0 1024 00000000
randomfield3d -1 4 256.00000000000000 0 1024 1 00000006
randomfield2d -1 4 256.00000000000000 0 0 00000000
randomfield3d -1 4 256.00000000000000 0 0 0 00000000
randomfield2d -1 4 256.00000000000000 0 -1024 00000000
randomfield3d -1 4 256.00000000000000 0 -1024 0 00000000
randomfield2d -1 4 256.00000000000000 1 0 00000000
randomfield3d -1 4 256.00000000000000 1 0 -17 0000000b
randomfield2d -1 4 256.00000000000000 17 -256 00000000
randomfield3d -1 4 256.00000000000000 17 -256 -1024 00000005
randomfield2d -1 4 256.00000000000000 255 1 0000000b
randomfield3d -1 4 256.00000000000000 255 1 256 00000001
randomfield2d -1 4 256.00000000000000 256 -17 00000004
randomfield3d -1 4 256.00000000000000 256 -17 17 00000004
randomfield2d -1 4 256.00000000000000 1024 17 00000000
randomfield3d -1 4 256.00000000000000 1024 17 0 00000000
randomfield2d -1 8 17.500000000000000 -1024 -1 0000008c
randomfield3d -1 8 17.500000000000000 -1024 -1 0 0000008c
randomfield2d -1 8 17.500000000000000 -256 255 000000a9
randomfield3d -1 8 17.500000000000000 -256 255 -1 000000a8
randomfield2d -1 8 17.500000000000000 -17 0 000000ff
randomfield3d -1 8 17.500000000000000 -17 0 -256 00000017
randomfield2d -1 8 17.500000000000000 -1 256 000000f4
randomfield3d -1 8 17.500000000000000 -1 256 1024 00000097
randomfield2d -1 8 17.500000000000000 0 0 00000000
randomfield3d -1 8 17.500000000000000 0 0 255 00000026
randomfield2d -1 8 17.500000000000000 0 1024 00000064
randomfield3d -1 8 17.500000000000000 0 1024 1 00000054
randomfield2d -1 8 17.500000000000000 0 0 00000000
randomfield3d -1 8 17.500000000000000 0 0 0 00000000
randomfield2d -1 8 17.500000000000000 0 -1024 00000091
randomfield3d -1 8 17.500000000000000 0 -1024 0 00000091
randomfield2d -1 8 17.500000000000000 1 0 00000006
randomfield3d -1 8 17.500000000000000 1 0 -17 00000051
randomfield2d -1 8 17.500000000000000 17 -256 000000a1
randomfield3d -1 8 17.500000000000000 17 -256 -1024 0000007e
randomfield2d -1 8 17.500000000000000 255 1 000000ff
randomfield3d -1 8 17.500000000000000 255 1 256 000000c3
randomfield2d -1 8 17.500000000000000 256 -17 0000006c
randomfield3d -1 8 17.500000000000000 256 -17 17 000000fc
randomfield2d -1 8 17.500000000000000 1024 17 00000019
randomfield3d -1 8 17.500000000000000 1024 17 0 00000019
randomfield2d -1 8 256.00000000000000 -1024 -1 000000d5
randomfield3d -1 8 256.00000000000000 -1024 -1 0 000000d5
randomfield2d -1 8 256.00000000000000 -256 255 0000004a
randomfield3d -1 8 256.00000000000000 -256 255 -1 0000004a
randomfield2d -1 8 256.00000000000000 -17 0 000000f9
randomfield3d -1 8 256.00000000000000 -17 0 -256 0000008e
randomfield2d -1 8 256.00000000000000 -1 256 000000be
randomfield3d -1 8 256.00000000000000 -1 256 1024 00000009
randomfield2d -1 8 256.00000000000000 0 0 00000000
randomfield3d -1 8 256.00000000000000 0 0 255 00000009
randomfield2d -1 8 256.00000000000000 0 1024 00000000
randomfield3d -1 8 256.00000000000000 0 1024 1 00000063
randomfield2d -1 8 256.00000000000000 0 0 00000000
randomfield3d -1 8 256.00000000000000 0 0 0 00000000
randomfield2d -1 8 256.00000000000000 0 -1024 00000000
randomfield3d -1 8 256.00000000000000 0 -1024 0 00000000
randomfield2d -1 8 256.00000000000000 1 0 00000006
randomfield3d -1 8 256.00000000000000 1 0 -17 000000b6
randomfield2d -1 8 256.00000000000000 17 -256 00000009
randomfield3d -1 8 256.00000000000000 17 -256 -1024 00000054
randomfield2d -1 8 256.00000000000000 255 1 000000be
randomfield3d -1 8 256.00000000000000 255 1 256 0000001a
randomfield2d -1 8 256.00000000000000 256 -17 00000048
randomfield3d -1 8 256.00000000000000 256 -17 17 0000004c
randomfield2d -1 8 256.00000000000000 1024 17 0000000c
randomfield3d -1 8 256.00000000000000 1024 17 0 0000000c
randomfield2d -1 12 17.500000000000000 -1024 -1 000008c0
randomfield3d -1 12 17.500000000000000 -1024 -1 0 000008c0
randomfield2d -1 12 17.500000000000000 -256 255 00000a98
randomfield3d -1 12 17.500000000000000 -256 255 -1 00000a88
randomfield2d -1 12 17.500000000000000 -17 0 00000ff8
randomfield3d -1 12 17.500000000000000 -17 0 -256 0000017c
randomfield2d -1 12 17.500000000000000 -1 256 00000f47
randomfield3d -1 12 17.500000000000000 -1 256 1024 0000097c
randomfield2d -1 12 17.500000000000000 0 0 00000000
randomfield3d -1 12 17.500000000000000 0 0 255 00000262
randomfield2d -1 12 17.500000000000000 0 1024 00000643
randomfield3d -1 12 17.500000000000000 0 1024 1 00000543
randomfield2d -1 12 17.500000000000000 0 0 00000000
randomfield3d -1 12 17.500000000000000 0 0 0 00000000
randomfield2d -1 12 17.500000000000000 0 -1024 00000918
randomfield3d -1 12 17.500000000000000 0 -1024 0 00000918
randomfield2d -1 12 17.500000000000000 1 0 00000064
randomfield3d -1 12 17.500000000000000 1 0 -17 00000513
randomfield2d -1 12 17.500000000000000 17 -256 00000a19
randomfield3d -1 12 17.500000000000000 17 -256 -1024 000007ee
randomfield2d -1 12 17.500000000000000 255 1 00000ff7
randomfield3d -1 12 17.500000000000000 255 1 256 00000c30
randomfield2d -1 12 17.500000000000000 256 -17 000006cb
randomfield3d -1 12 17.500000000000000 256 -17 17 00000fcb
randomfield2d -1 12 17.500000000000000 1024 17 00000192
randomfield3d -1 12 17.500000000000000 1024 17 0 00000192
randomfield2d -1 12 256.00000000000000 -1024 -1 00000d5b
randomfield3d -1 12 256.00000000000000 -1024 -1 0 00000d5b
randomfield2d -1 12 256.00000000000000 -256 255 000004a1
randomfield3d -1 12 256.00000000000000 -256 255 -1 000004a3
randomfield2d -1 12 256.00000000000000 -17 0 00000f99
randomfield3d -1 12 256.00000000000000 -17 0 -256 000008ec
randomfield2d -1 12 256.00000000000000 -1 256 00000bea
randomfield3d -1 12 256.00000000000000 -1 256 1024 0000009f
randomfield2d -1 12 256.00000000000000 0 0 00000000
randomfield3d -1 12 256.00000000000000 0 0 255 00000097
randomfield2d -1 12 256.00000000000000 0 1024 00000000
randomfield3d -1 12 256.00000000000000 0 1024 1 00000636
randomfield2d -1 12 256.00000000000000 0 0 00000000
randomfield3d -1 12 256.00000000000000 0 0 0 00000000
randomfield2d -1 12 256.00000000000000 0 -1024 00000000
randomfield3d -1 12 256.00000000000000 0 -1024 0 00000000
randomfield2d -1 12 256.00000000000000 1 0 00000064
randomfield3d -1 12 256.00000000000000 1 0 -17 00000b6c
randomfield2d -1 12 256.00000000000000 17 -256 0000009c
randomfield3d -1 12 256.00000000000000 17 -256 -1024 00000542
randomfield2d -1 12 256.00000000000000 255 1 00000be3
randomfield3d -1 12 256.00000000000000 255 1 256 000001ad
randomfield2d -1 12 256.00000000000000 256 -17 0000048c
randomfield3d -1 12 256.00000000000000 256 -17 17 000004c8
randomfield2d -1 12 256.00000000000000 1024 17 000000c2
randomfield3d -1 12 256.00000000000000 1024 17 0 000000c2
perlin1d -9223372036854775808 -1024.5000000000000 3e800000
fastperlin1d -9223372036854775808 -1024.5000000000000 3e800000
perlin1d -9223372036854775808 -256.00000000000000 00000000
fastperlin1d -9223372036854775808 -256.00000000000000 00000000
perlin1d -9223372036854775808 -17.250000000000000 00000000
fastperlin1d -9223372036854775808 -17.250000000000000 00000000
perlin1d -9223372036854775808 -1.0000000000000000 00000000
fastperlin1d -9223372036854775808 -1.0000000000000000 00000000
perlin1d -9223372036854775808 -0.12500000000000000 3c662000
fastperlin1d -9223372036854775808 -0.12500000000000000 3c662000
perlin1d -9223372036854775808 0.0000000000000000 00000000
fastperlin1d -9223372036854775808 0.0000000000000000 00000000
perlin1d -9223372036854775808 0.12500000000000000 bc662000
fastperlin1d -9223372036854775808 0.12500000000000000 bc662000
perlin1d -9223372036854775808 0.50000000000000000 be800000
fastperlin1d -9223372036854775808 0.50000000000000000 be800000
perlin1d -9223372036854775808 1.0000000000000000 00000000
fastperlin1d -9223372036854775808 1.0000000000000000 00000000
perlin1d -9223372036854775808 17.250000000000000 be658000
fastperlin1d -9223372036854775808 17.250000000000000 be658000
perlin1d -9223372036854775808 255.87500000000000 3c662000
fastperlin1d -9223372036854775808 255.87500000000000 3c662000
perlin1d -9223372036854775808 256.00000000000000 00000000
fastperlin1d -9223372036854775808 256.00000000000000 00000000
perlin1d -9223372036854775808 1024.5000000000000 be800000
fastperlin1d -9223372036854775808 1024.5000000000000 be800000
perlin2d -9223372036854775808 -1024.5000000000000 -1.0000000000000000 3e000000
fastperlin2d -9223372036854775808 -1024.5000000000000 -1.0000000000000000 3e800000
perlin3d -9223372036854775808 -1024.5000000000000 -1.0000000000000000 0.0000000000000000 3df70517
fastperlin3d -9223372036854775808 -1024.5000000000000 -1.0000000000000000 0.0000000000000000 3e800000
perlin2d -9223372036854775808 -256.00000000000000 255.87500000000000 3d7be400
fastperlin2d -9223372036854775808 -256.00000000000000 255.87500000000000 3dfbe400
perlin3d -9223372036854775808 -256.00000000000000 255.87500000000000 -1.0000000000000000 00000000
fastperlin3d -9223372036854775808 -256.00000000000000 255.87500000000000 -1.0000000000000000 00000000
perlin2d -9223372036854775808 -17.250000000000000 -0.12500000000000000 3d8d3f43
fastperlin2d -9223372036854775808 -17.250000000000000 -0.12500000000000000 3e0d3f43
perlin3d -9223372036854775808 -17.250000000000000 -0.12500000000000000 -256.00000000000000 3d884ad9
fastperlin3d -9223372036854775808 -17.250000000000000 -0.12500000000000000 -256.00000000000000 3e0d3f43
perlin2d -9223372036854775808 -1.0000000000000000 256.00000000000000 00000000
fastperlin2d -9223372036854775808 -1.0000000000000000 256.00000000000000 00000000
perlin3d -9223372036854775808 -1.0000000000000000 256.00000000000000 1024.5000000000000 bdf70517
fastperlin3d -9223372036854775808 -1.0000000000000000 256.00000000000000 1024.5000000000000 be800000
perlin2d -9223372036854775808 -0.12500000000000000 0.0000000000000000 3be62000
fastperlin2d -9223372036854775808 -0.12500000000000000 0.0000000000000000 3c662000
perlin3d -9223372036854775808 -0.12500000000000000 0.0000000000000000 255.87500000000000 bd729bef
fastperlin3d -9223372036854775808 -0.12500000000000000 0.0000000000000000 255.87500000000000 bdfb6dcb
perlin2d -9223372036854775808 0.0000000000000000 1024.5000000000000 00000000
fastperlin2d -9223372036854775808 0.0000000000000000 1024.5000000000000 00000000
perlin3d -9223372036854775808 0.0000000000000000 1024.5000000000000 1.0000000000000000 00000000
fastperlin3d -9223372036854775808 0.0000000000000000 1024.5000000000000 1.0000000000000000 00000000
perlin2d -9223372036854775808 0.12500000000000000 0.12500000000000000 bd78c54e
fastperlin2d -9223372036854775808 0.12500000000000000 0.12500000000000000 bdf8c54e
perlin3d -9223372036854775808 0.12500000000000000 0.12500000000000000 0.12500000000000000 bc004ce5
fastperlin3d -9223372036854775808 0.12500000000000000 0.12500000000000000 0.12500000000000000 bc84f6ee
perlin2d -9223372036854775808 0.50000000000000000 -1024.5000000000000 bd800000
fastperlin2d -9223372036854775808 0.50000000000000000 -1024.5000000000000 be000000
perlin3d -9223372036854775808 0.50000000000000000 -1024.5000000000000 -0.12500000000000000 bddb9caa
fastperlin3d -9223372036854775808 0.50000000000000000 -1024.5000000000000 -0.12500000000000000 be639880
perlin2d -9223372036854775808 1.0000000000000000 0.50000000000000000 be800000
fastperlin2d -9223372036854775808 1.0000000000000000 0.50000000000000000 bf000000
perlin3d -9223372036854775808 1.0000000000000000 0.50000000000000000 -17.250000000000000 3e63d792
fastperlin3d -9223372036854775808 1.0000000000000000 0.50000000000000000 -17.250000000000000 3eec2000
perlin2d -9223372036854775808 17.250000000000000 -256.00000000000000 bde58000
fastperlin2d -9223372036854775808 17.250000000000000 -256.00000000000000 be658000
perlin3d -9223372036854775808 17.250000000000000 -256.00000000000000 -1024.5000000000000 3d5d7310
fastperlin3d -9223372036854775808 17.250000000000000 -256.00000000000000 -1024.5000000000000 3de58000
perlin2d -9223372036854775808 255.87500000000000 1.0000000000000000 bd8c5400
fastperlin2d -9223372036854775808 255.87500000000000 1.0000000000000000 be0c5400
perlin3d -9223372036854775808 255.87500000000000 1.0000000000000000 256.00000000000000 bd8767d6
fastperlin3d -9223372036854775808 255.87500000000000 1.0000000000000000 256.00000000000000 be0c5400
perlin2d -9223372036854775808 256.00000000000000 -17.250000000000000 bd960000
fastperlin2d -9223372036854775808 256.00000000000000 -17.250000000000000 be160000
perlin3d -9223372036854775808 256.00000000000000 -17.250000000000000 17.250000000000000 be597aa4
fastperlin3d -9223372036854775808 256.00000000000000 -17.250000000000000 17.250000000000000 bee162a0
perlin2d -9223372036854775808 1024.5000000000000 17.250000000000000 3d8d4000
fastperlin2d -9223372036854775808 1024.5000000000000 17.250000000000000 3e0d4000
perlin3d -9223372036854775808 1024.5000000000000 17.250000000000000 0.50000000000000000 3d770517
fastperlin3d -9223372036854775808 1024.5000000000000 17.250000000000000 0.50000000000000000 3e000000
randomfield2d -9223372036854775808 1 17.500000000000000 -1024 -1 00000000
randomfield3d -9223372036854775808 1 17.500000000000000 -1024 -1 0 00000000
randomfield2d -9223372036854775808 1 17.500000000000000 -256 255 00000000
randomfield3d -9223372036854775808 1 17.500000000000000 -256 255 -1 00000000
randomfield2d -9223372036854775808 1 17.500000000000000 -17 0 00000001
randomfield3d -9223372036854775808 1 17.500000000000000 -17 0 -256 00000000
randomfield2d -9223372036854775808 1 17.500000000000000 -1 256 00000001
randomfield3d -9223372036854775808 1 17.500000000000000 -1 256 1024 00000000
randomfield2d -9223372036854775808 1 17.500000000000000 0 0 00000000
randomfield3d -9223372036854775808 1 17.500000000000000 0 0 255 00000000
randomfield2d -9223372036854775808 1 17.500000000000000 0 1024 00000001
randomfield3d -9223372036854775808 1 17.500000000000000 0 1024 1 00000001
randomfield2d -9223372036854775808 1 17.500000000000000 0 0 00000000
randomfield3d -9223372036854775808 1 17.500000000000000 0 0 0 00000000
randomfield2d -9223372036854775808 1 17.500000000000000 0 -1024 00000000
randomfield3d -9223372036854775808 1 17.500000000000000 0 -1024 0 00000000
randomfield2d -9223372036854775808 1 17.500000000000000 1 0 00000000
randomfield3d -9223372036854775808 1 17.500000000000000 1 0 -17 00000001
randomfield2d -9223372036854775808 1 17.500000000000000 17 -256 00000000
randomfield3d -9223372036854775808 1 17.500000000000000 17 -256 -1024 00000001
randomfield2d -9223372036854775808 1 17.500000000000000 255 1 00000001
randomfield3d -9223372036854775808 1 17.500000000000000 255 1 256 00000001
randomfield2d -9223372036854775808 1 17.500000000000000 256 -17 00000001
randomfield3d -9223372036854775808 1 17.500000000000000 256 -17 17 00000001
randomfield2d -9223372036854775808 1 17.500000000000000 1024 17 00000000
randomfield3d -9223372036854775808 1 17.500000000000000 1024 17 0 00000000
randomfield2d -9223372036854775808 1 256.00000000000000 -1024 -1 00000001
randomfield3d -9223372036854775808 1 256.00000000000000 -1024 -1 0 00000001
randomfield2d -9223372036854775808 1 256.00000000000000 -256 255 00000001
randomfield3d -9223372036854775808 1 256.00000000000000 -256 255 -1 00000001
randomfield2d -9223372036854775808 1 256.00000000000000 -17 0 00000001
randomfield3d -9223372036854775808 1 256.00000000000000 -17 0 -256 00000000
randomfield2d -9223372036854775808 1 256.00000000000000 -1 256 00000000
randomfield3d -9223372036854775808 1 256.00000000000000 -1 256 1024 00000000
randomfield2d -9223372036854775808 1 256.00000000000000 0 0 00000000
randomfield3d -9223372036854775808 1 256.00000000000000 0 0 255 00000000
randomfield2d -9223372036854775808 1 256.00000000000000 0 1024 00000000
randomfield3d -9223372036854775808 1 256.00000000000000 0 1024 1 00000001
randomfield2d -9223372036854775808 1 256.00000000000000 0 0 00000000
randomfield3d -9223372036854775808 1 256.00000000000000 0 0 0 00000000
randomfield2d -9223372036854775808 1 256.00000000000000 0 -1024 00000000
randomfield3d -9223372036854775808 1 256.00000000000000 0 -1024 0 00000000
randomfield2d -9223372036854775808 1 256.00000000000000 1 0 00000000
randomfield3d -9223372036854775808 1 256.00000000000000 1 0 -17 00000000
randomfield2d -9223372036854775808 1 256.00000000000000 17 -256 00000000
randomfield3d -9223372036854775808 1 256.00000000000000 17 -256 -1024 00000001
randomfield2d -9223372036854775808 1 256.00000000000000 255 1 00000000
randomfield3d -9223372036854775808 1 256.00000000000000 255 1 256 00000000
randomfield2d -9223372036854775808 1 256.00000000000000 256 -17 00000001
randomfield3d -9223372036854775808 1 256.00000000000000 256 -17 17 00000001
randomfield2d -9223372036854775808 1 256.00000000000000 1024 17 00000000
randomfield3d -9223372036854775808 1 256.00000000000000 1024 17 0 00000000
randomfield2d -9223372036854775808 2 17.500000000000000 -1024 -1 00000000
randomfield3d -9223372036854775808 2 17.500000000000000 -1024 -1 0 00000000
randomfield2d -9223372036854775808 2 17.500000000000000 -256 255 00000001
randomfield3d -9223372036854775808 2 17.500000000000000 -256 255 -1 00000001
randomfield2d -9223372036854775808 2 17.500000000000000 -17 0 00000003
randomfield3d -9223372036854775808 2 17.500000000000000 -17 0 -256 00000000
randomfield2d -9223372036854775808 2 17.500000000000000 -1 256 00000003
randomfield3d -9223372036854775808 2 17.500000000000000 -1 256 1024 00000000
randomfield2d -9223372036854775808 2 17.500000000000000 0 0 00000000
randomfield3d -9223372036854775808 2 17.500000000000000 0 0 255 00000001
randomfield2d -9223372036854775808 2 17.500000000000000 0 1024 00000003
randomfield3d -9223372036854775808 2 17.500000000000000 0 1024 1 00000002
randomfield2d -9223372036854775808 2 17.500000000000000 0 0 00000000
randomfield3d -9223372036854775808 2 17.500000000000000 0 0 0 00000000
randomfield2d -9223372036854775808 2 17.500000000000000 0 -1024 00000000
randomfield3d -9223372036854775808 2 17.500000000000000 0 -1024 0 00000000
randomfield2d -9223372036854775808 2 17.500000000000000 1 0 00000000
randomfield3d -9223372036854775808 2 17.500000000000000 1 0 -17 00000002
randomfield2d -9223372036854775808 2 17.500000000000000 17 -256 00000001
randomfield3d -9223372036854775808 2 17.500000000000000 17 -256 -1024 00000003
randomfield2d -9223372036854775808 2 17.500000000000000 255 1 00000003
randomfield3d -9223372036854775808 2 17.500000000000000 255 1 256 00000002
randomfield2d -9223372036854775808 2 17.500000000000000 256 -17 00000003
randomfield3d -9223372036854775808 2 17.500000000000000 256 -17 17 00000003
randomfield2d -9223372036854775808 2 17.500000000000000 1024 17 00000000
randomfield3d -9223372036854775808 2 17.500000000000000 1024 17 0 00000000
randomfield2d -9223372036854775808 2 256.00000000000000 -1024 -1 00000002
randomfield3d -9223372036854775808 2 256.00000000000000 -1024 -1 0 00000002
randomfield2d -9223372036854775808 2 256.00000000000000 -256 255 00000002
randomfield3d -9223372036854775808 2 256.00000000000000 -256 255 -1 00000002
randomfield2d -9223372036854775808 2 256.00000000000000 -17 0 00000003
randomfield3d -9223372036854775808 2 256.00000000000000 -17 0 -256 00000000
randomfield2d -9223372036854775808 2 256.00000000000000 -1 256 00000001
randomfield3d -9223372036854775808 2 256.00000000000000 -1 256 1024 00000000
randomfield2d -9223372036854775808 2 256.00000000000000 0 0 00000000
randomfield3d -9223372036854775808 2 256.00000000000000 0 0 255 00000000
randomfield2d -9223372036854775808 2 256.00000000000000 0 1024 00000000
randomfield3d -9223372036854775808 2 256.00000000000000 0 1024 1 00000003
randomfield2d -9223372036854775808 2 256.00000000000000 0 0 00000000
randomfield3d -9223372036854775808 2 256.00000000000000 0 0 0 00000000
randomfield2d -9223372036854775808 2 256.00000000000000 0 -1024 00000000
randomfield3d -9223372036854775808 2 256.00000000000000 0 -1024 0 00000000
randomfield2d -9223372036854775808 2 256.00000000000000 1 0 00000000
randomfield3d -9223372036854775808 2 256.00000000000000 1 0 -17 00000001
randomfield2d -9223372036854775808 2 256.00000000000000 17 -256 00000000
randomfield3d -9223372036854775808 2 256.00000000000000 17 -256 -1024 00000002
randomfield2d -9223372036854775808 2 256.00000000000000 255 1 00000001
randomfield3d -9223372036854775808 2 256.00000000000000 255 1 256 00000000
randomfield2d -9223372036854775808 2 256.00000000000000 256 -17 00000002
randomfield3d -9223372036854775808 2 256.00000000000000 256 -17 17 00000002
randomfield2d -9223372036854775808 2 256.00000000000000 1024 17 00000000
randomfield3d -9223372036854775808 2 256.00000000000000 1024 17 0 00000000
randomfield2d -9223372036854775808 4 17.500000000000000 -1024 -1 00000001
randomfield3d -9223372036854775808 4 17.500000000000000 -1024 -1 0 00000001
randomfield2d -9223372036854775808 4 17.500000000000000 -256 255 00000005
randomfield3d -9223372036854775808 4 17.500000000000000 -256 255 -1 00000005
randomfield2d -9223372036854775808 4 17.500000000000000 -17 0 0000000f
randomfield3d -9223372036854775808 4 17.500000000000000 -17 0 -256 00000002
randomfield2d -9223372036854775808 4 17.500000000000000 -1 256 0000000e
randomfield3d -9223372036854775808 4 17.500000000000000 -1 256 1024 00000002
randomfield2d -9223372036854775808 4 17.500000000000000 0 0 00000000
randomfield3d -9223372036854775808 4 17.500000000000000 0 0 255 00000004
randomfield2d -9223372036854775808 4 17.500000000000000 0 1024 0000000c
randomfield3d -9223372036854775808 4 17.500000000000000 0 1024 1 0000000a
randomfield2d -9223372036854775808 4 17.500000000000000 0 0 00000000
randomfield3d -9223372036854775808 4 17.500000000000000 0 0 0 00000000
randomfield2d -9223372036854775808 4 17.500000000000000 0 -1024 00000002
randomfield3d -9223372036854775808 4 17.500000000000000 0 -1024 0 00000002
randomfield2d -9223372036854775808 4 17.500000000000000 1 0 00000000
randomfield3d -9223372036854775808 4 17.500000000000000 1 0 -17 0000000a
randomfield2d -9223372036854775808 4 17.500000000000000 17 -256 00000004
randomfield3d -9223372036854775808 4 17.500000000000000 17 -256 -1024 0000000f
randomfield2d -9223372036854775808 4 17.500000000000000 255 1 0000000f
randomfield3d -9223372036854775808 4 17.500000000000000 255 1 256 00000008
randomfield2d -9223372036854775808 4 17.500000000000000 256 -17 0000000d
randomfield3d -9223372036854775808 4 17.500000000000000 256 -17 17 0000000f
randomfield2d -9223372036854775808 4 17.500000000000000 1024 17 00000003
randomfield3d -9223372036854775808 4 17.500000000000000 1024 17 0 00000003
randomfield2d -9223372036854775808 4 256.00000000000000 -1024 -1 0000000a
randomfield3d -9223372036854775808 4 256.00000000000000 -1024 -1 0 0000000a
randomfield2d -9223372036854775808 4 256.00000000000000 -256 255 00000009
randomfield3d -9223372036854775808 4 256.00000000000000 -256 255 -1 00000009
randomfield2d -9223372036854775808 4 256.00000000000000 -17 0 0000000f
randomfield3d -9223372036854775808 4 256.00000000000000 -17 0 -256 00000001
randomfield2d -9223372036854775808 4 256.00000000000000 -1 256 00000007
randomfield3d -9223372036854775808 4 256.00000000000000 -1 256 1024 00000001
randomfield2d -9223372036854775808 4 256.00000000000000 0 0 00000000
randomfield3d -9223372036854775808 4 256.00000000000000 0 0 255 00000001
randomfield2d -9223372036854775808 4 256.00000000000000 0 1024 00000000
randomfield3d -9223372036854775808 4 256.00000000000000 0 1024 1 0000000c
randomfield2d -9223372036854775808 4 256.00000000000000 0 0 00000000
randomfield3d -9223372036854775808 4 256.00000000000000 0 0 0 00000000
randomfield2d -9223372036854775808 4 256.00000000000000 0 -1024 00000000
randomfield3d -9223372036854775808 4 256.00000000000000 0 -1024 0 00000000
randomfield2d -9223372036854775808 4 256.00000000000000 1 0 00000000
randomfield3d -9223372036854775808 4 256.00000000000000 1 0 -17 00000006
randomfield2d -9223372036854775808 4 256.00000000000000 17 -256 00000001
randomfield3d -9223372036854775808 4 256.00000000000000 17 -256 -1024 0000000a
randomfield2d -9223372036854775808 4 256.00000000000000 255 1 00000007
randomfield3d -9223372036854775808 4 256.00000000000000 255 1 256 00000003
randomfield2d -9223372036854775808 4 256.00000000000000 256 -17 00000009
randomfield3d -9223372036854775808 4 256.00000000000000 256 -17 17 00000009
randomfield2d -9223372036854775808 4 256.00000000000000 1024 17 00000001
randomfield3d -9223372036854775808 4 256.00000000000000 1024 17 0 00000001
randomfield2d -9223372036854775808 8 17.500000000000000 -1024 -1 00000018
randomfield3d -9223372036854775808 8 17.500000000000000 -1024 -1 0 00000018
randomfield2d -9223372036854775808 8 17.500000000000000 -256 255 00000053
randomfield3d -9223372036854775808 8 17.500000000000000 -256 255 -1 00000051
randomfield2d -9223372036854775808 8 17.500000000000000 -17 0 000000ff
randomfield3d -9223372036854775808 8 17.500000000000000 -17 0 -256 0000002f
randomfield2d -9223372036854775808 8 17.500000000000000 -1 256 000000e8
randomfield3d -9223372036854775808 8 17.500000000000000 -1 256 1024 0000002f
randomfield2d -9223372036854775808 8 17.500000000000000 0 0 00000000
randomfield3d -9223372036854775808 8 17.500000000000000 0 0 255 0000004c
randomfield2d -9223372036854775808 8 17.500000000000000 0 1024 000000c8
randomfield3d -9223372036854775808 8 17.500000000000000 0 1024 1 000000a8
randomfield2d -9223372036854775808 8 17.500000000000000 0 0 00000000
randomfield3d -9223372036854775808 8 17.500000000000000 0 0 0 00000000
randomfield2d -9223372036854775808 8 17.500000000000000 0 -1024 00000023
randomfield3d -9223372036854775808 8 17.500000000000000 0 -1024 0 00000023
randomfield2d -9223372036854775808 8 17.500000000000000 1 0 0000000c
randomfield3d -9223372036854775808 8 17.500000000000000 1 0 -17 000000a2
randomfield2d -9223372036854775808 8 17.500000000000000 17 -256 00000043
randomfield3d -9223372036854775808 8 17.500000000000000 17 -256 -1024 000000fd
randomfield2d -9223372036854775808 8 17.500000000000000 255 1 000000fe
randomfield3d -9223372036854775808 8 17.500000000000000 255 1 256 00000086
randomfield2d -9223372036854775808 8 17.500000000000000 256 -17 000000d9
randomfield3d -9223372036854775808 8 17.500000000000000 256 -17 17 000000f9
randomfield2d -9223372036854775808 8 17.500000000000000 1024 17 00000032
randomfield3d -9223372036854775808 8 17.500000000000000 1024 17 0 00000032
randomfield2d -9223372036854775808 8 256.00000000000000 -1024 -1 000000ab
randomfield3d -9223372036854775808 8 256.00000000000000 -1024 -1 0 000000ab
randomfield2d -9223372036854775808 8 256.00000000000000 -256 255 00000094
randomfield3d -9223372036854775808 8 256.00000000000000 -256 255 -1 00000094
randomfield2d -9223372036854775808 8 256.00000000000000 -17 0 000000f3
randomfield3d -9223372036854775808 8 256.00000000000000 -17 0 -256 0000001d
randomfield2d -9223372036854775808 8 256.00000000000000 -1 256 0000007d
randomfield3d -9223372036854775808 8 256.00000000000000 -1 256 1024 00000013
randomfield2d -9223372036854775808 8 256.00000000000000 0 0 00000000
randomfield3d -9223372036854775808 8 256.00000000000000 0 0 255 00000012
randomfield2d -9223372036854775808 8 256.00000000000000 0 1024 00000000
randomfield3d -9223372036854775808 8 256.00000000000000 0 1024 1 000000c6
randomfield2d -9223372036854775808 8 256.00000000000000 0 0 00000000
randomfield3d -9223372036854775808 8 256.00000000000000 0 0 0 00000000
randomfield2d -9223372036854775808 8 256.00000000000000 0 -1024 00000000
randomfield3d -9223372036854775808 8 256.00000000000000 0 -1024 0 00000000
randomfield2d -9223372036854775808 8 256.00000000000000 1 0 0000000c
randomfield3d -9223372036854775808 8 256.00000000000000 1 0 -17 0000006d
randomfield2d -9223372036854775808 8 256.00000000000000 17 -256 00000013
randomfield3d -9223372036854775808 8 256.00000000000000 17 -256 -1024 000000a8
randomfield2d -9223372036854775808 8 256.00000000000000 255 1 0000007c
randomfield3d -9223372036854775808 8 256.00000000000000 255 1 256 00000035
randomfield2d -9223372036854775808 8 256.00000000000000 256 -17 00000091
randomfield3d -9223372036854775808 8 256.00000000000000 256 -17 17 00000099
randomfield2d -9223372036854775808 8 256.00000000000000 1024 17 00000018
randomfield3d -9223372036854775808 8 256.00000000000000 1024 17 0 00000018
randomfield2d -9223372036854775808 12 17.500000000000000 -1024 -1 00000180
randomfield3d -9223372036854775808 12 17.500000000000000 -1024 -1 0 00000180
randomfield2d -9223372036854775808 12 17.500000000000000 -256 255 00000530
randomfield3d -9223372036854775808 12 17.500000000000000 -256 255 -1 00000510
randomfield2d -9223372036854775808 12 17.500000000000000 -17 0 00000ff0
randomfield3d -9223372036854775808 12 17.500000000000000 -17 0 -256 000002f8
randomfield2d -9223372036854775808 12 17.500000000000000 -1 256 00000e8e
randomfield3d -9223372036854775808 12 17.500000000000000 -1 256 1024 000002f8
randomfield2d -9223372036854775808 12 17.500000000000000 0 0 00000000
randomfield3d -9223372036854775808 12 17.500000000000000 0 0 255 000004c5
randomfield2d -9223372036854775808 12 17.500000000000000 0 1024 00000c87
randomfield3d -9223372036854775808 12 17.500000000000000 0 1024 1 00000a87
randomfield2d -9223372036854775808 12 17.500000000000000 0 0 00000000
randomfield3d -9223372036854775808 12 17.500000000000000 0 0 0 00000000
randomfield2d -9223372036854775808 12 17.500000000000000 0 -1024 00000230
randomfield3d -9223372036854775808 12 17.500000000000000 0 -1024 0 00000230
randomfield2d -9223372036854775808 12 17.500000000000000 1 0 000000c8
randomfield3d -9223372036854775808 12 17.500000000000000 1 0 -17 00000a26
randomfield2d -9223372036854775808 12 17.500000000000000 17 -256 00000432
randomfield3d -9223372036854775808 12 17.500000000000000 17 -256 -1024 00000fdc
randomfield2d -9223372036854775808 12 17.500000000000000 255 1 00000fef
randomfield3d -9223372036854775808 12 17.500000000000000 255 1 256 00000861
randomfield2d -9223372036854775808 12 17.500000000000000 256 -17 00000d97
randomfield3d -9223372036854775808 12 17.500000000000000 256 -17 17 00000f96
randomfield2d -9223372036854775808 12 17.500000000000000 1024 17 00000325
randomfield3d -9223372036854775808 12 17.500000000000000 1024 17 0 00000325
randomfield2d -9223372036854775808 12 256.00000000000000 -1024 -1 00000ab6
randomfield3d -9223372036854775808 12 256.00000000000000 -1024 -1 0 00000ab6
randomfield2d -9223372036854775808 12 256.00000000000000 -256 255 00000942
randomfield3d -9223372036854775808 12 256.00000000000000 -256 255 -1 00000946
randomfield2d -9223372036854775808 12 256.00000000000000 -17 0 00000f33
randomfield3d -9223372036854775808 12 256.00000000000000 -17 0 -256 000001d9
randomfield2d -9223372036854775808 12 256.00000000000000 -1 256 000007d5
randomfield3d -9223372036854775808 12 256.00000000000000 -1 256 1024 0000013e
randomfield2d -9223372036854775808 12 256.00000000000000 0 0 00000000
randomfield3d -9223372036854775808 12 256.00000000000000 0 0 255 0000012e
randomfield2d -9223372036854775808 12 256.00000000000000 0 1024 00000000
randomfield3d -9223372036854775808 12 256.00000000000000 0 1024 1 00000c6c
randomfield2d -9223372036854775808 12 256.00000000000000 0 0 00000000
randomfield3d -9223372036854775808 12 256.00000000000000 0 0 0 00000000
randomfield2d -9223372036854775808 12 256.00000000000000 0 -1024 00000000
randomfield3d -9223372036854775808 12 256.00000000000000 0 -1024 0 00000000
randomfield2d -9223372036854775808 12 256.00000000000000 1 0 000000c8
randomfield3d -9223372036854775808 12 256.00000000000000 1 0 -17 000006d8
randomfield2d -9223372036854775808 12 256.00000000000000 17 -256 00000139
randomfield3d -9223372036854775808 12 256.00000000000000 17 -256 -1024 00000a84
randomfield2d -9223372036854775808 12 256.00000000000000 255 1 000007c7
randomfield3d -9223372036854775808 12 256.00000000000000 255 1 256 0000035a
randomfield2d -9223372036854775808 12 256.00000000000000 256 -17 00000918
randomfield3d -9223372036854775808 12 256.00000000000000 256 -17 17 00000990
randomfield2d -9223372036854775808 12 256.00000000000000 1024 17 00000184
randomfield3d -9223372036854775808 12 256.00000000000000 1024 17 0 00000184
perlin1d 9223372036854775807 -1024.5000000000000 3e800000
fastperlin1d 9223372036854775807 -1024.5000000000000 3e800000
perlin1d 9223372036854775807 -256.00000000000000 00000000
fastperlin1d 9223372036854775807 -256.00000000000000 00000000
perlin1d 9223372036854775807 -17.250000000000000 00000000
fastperlin1d 9223372036854775807 -17.250000000000000 00000000
perlin1d 9223372036854775807 -1.0000000000000000 00000000
fastperlin1d 9223372036854775807 -1.0000000000000000 00000000
perlin1d 9223372036854775807 -0.12500000000000000 3c662000
fastperlin1d 9223372036854775807 -0.12500000000000000 3c662000
perlin1d 9223372036854775807 0.0000000000000000 00000000
fastperlin1d 9223372036854775807 0.0000000000000000 00000000
perlin1d 9223372036854775807 0.12500000000000000 bc662000
fastperlin1d 9223372036854775807 0.12500000000000000 bc662000
perlin1d 9223372036854775807 0.50000000000000000 be800000
fastperlin1d 9223372036854775807 0.50000000000000000 be800000
perlin1d 9223372036854775807 1.0000000000000000 00000000
fastperlin1d 9223372036854775807 1.0000000000000000 00000000
perlin1d 9223372036854775807 17.250000000000000 be160000
fastperlin1d 9223372036854775807 17.250000000000000 be160000
perlin1d 9223372036854775807 255.87500000000000 3c662000
fastperlin1d 9223372036854775807 255.87500000000000 3c662000
perlin1d 9223372036854775807 256.00000000000000 00000000
fastperlin1d 9223372036854775807 256.00000000000000 00000000
perlin1d 9223372036854775807 1024.5000000000000 be800000
fastperlin1d 9223372036854775807 1024.5000000000000 be800000
perlin2d 9223372036854775807 -1024.5000000000000 -1.0000000000000000 3e800000
fastperlin2d 9223372036854775807 -1024.5000000000000 -1.0000000000000000 3f000000
perlin3d 9223372036854775807 -1024.5000000000000 -1.0000000000000000 0.0000000000000000 3e770517
fastperlin3d 9223372036854775807 -1024.5000000000000 -1.0000000000000000 0.0000000000000000 3f000000
perlin2d 9223372036854775807 -256.00000000000000 255.87500000000000 3d8c5400
fastperlin2d 9223372036854775807 -256.00000000000000 255.87500000000000 3e0c5400
perlin3d 9223372036854775807 -256.00000000000000 255.87500000000000 -1.0000000000000000 bd574c50
fastperlin3d 9223372036854775807 -256.00000000000000 255.87500000000000 -1.0000000000000000 bddf2000
perlin2d 9223372036854775807 -17.250000000000000 -0.12500000000000000 3d85aa9c
fastperlin2d 9223372036854775807 -17.250000000000000 -0.12500000000000000 3e05aa9c
perlin3d 9223372036854775807 -17.250000000000000 -0.12500000000000000 -256.00000000000000 3d80fa45
fastperlin3d 9223372036854775807 -17.250000000000000 -0.12500000000000000 -256.00000000000000 3e05aa9c
perlin2d 9223372036854775807 -1.0000000000000000 256.00000000000000 00000000
fastperlin2d 9223372036854775807 -1.0000000000000000 256.00000000000000 00000000
perlin3d 9223372036854775807 -1.0000000000000000 256.00000000000000 1024.5000000000000 3df70517
fastperlin3d 9223372036854775807 -1.0000000000000000 256.00000000000000 1024.5000000000000 3e800000
perlin2d 9223372036854775807 -0.12500000000000000 0.0000000000000000 3be62000
fastperlin2d 9223372036854775807 -0.12500000000000000 0.0000000000000000 3c662000
perlin3d 9223372036854775807 -0.12500000000000000 0.0000000000000000 255.87500000000000 3d850260
fastperlin3d 9223372036854775807 -0.12500000000000000 0.0000000000000000 255.87500000000000 3e09d83c
perlin2d 9223372036854775807 0.0000000000000000 1024.5000000000000 be800000
fastperlin2d 9223372036854775807 0.0000000000000000 1024.5000000000000 bf000000
perlin3d 9223372036854775807 0.0000000000000000 1024.5000000000000 1.0000000000000000 3df70517
fastperlin3d 9223372036854775807 0.0000000000000000 1024.5000000000000 1.0000000000000000 3e800000
perlin2d 9223372036854775807 0.12500000000000000 0.12500000000000000 bd95f993
fastperlin2d 9223372036854775807 0.12500000000000000 0.12500000000000000 be15f993
perlin3d 9223372036854775807 0.12500000000000000 0.12500000000000000 0.12500000000000000 bdfe4224
fastperlin3d 9223372036854775807 0.12500000000000000 0.12500000000000000 0.12500000000000000 be83c035
perlin2d 9223372036854775807 0.50000000000000000 -1024.5000000000000 bd800000
fastperlin2d 9223372036854775807 0.50000000000000000 -1024.5000000000000 be000000
perlin3d 9223372036854775807 0.50000000000000000 -1024.5000000000000 -0.12500000000000000 bd33512c
fastperlin3d 9223372036854775807 0.50000000000000000 -1024.5000000000000 -0.12500000000000000 bdb9d600
perlin2d 9223372036854775807 1.0000000000000000 0.50000000000000000 3e800000
fastperlin2d 9223372036854775807 1.0000000000000000 0.50000000000000000 3f000000
perlin3d 9223372036854775807 1.0000000000000000 0.50000000000000000 -17.250000000000000 bd90bcfc
fastperlin3d 9223372036854775807 1.0000000000000000 0.50000000000000000 -17.250000000000000 be160000
perlin2d 9223372036854775807 17.250000000000000 -256.00000000000000 bd960000
fastperlin2d 9223372036854775807 17.250000000000000 -256.00000000000000 be160000
perlin3d 9223372036854775807 17.250000000000000 -256.00000000000000 -1024.5000000000000 3d2a4f03
fastperlin3d 9223372036854775807 17.250000000000000 -256.00000000000000 -1024.5000000000000 3db08000
perlin2d 9223372036854775807 255.87500000000000 1.0000000000000000 3be62000
fastperlin2d 9223372036854775807 255.87500000000000 1.0000000000000000 3c662000
perlin3d 9223372036854775807 255.87500000000000 1.0000000000000000 256.00000000000000 3bde0d74
fastperlin3d 9223372036854775807 255.87500000000000 1.0000000000000000 256.00000000000000 3c662000
perlin2d 9223372036854775807 256.00000000000000 -17.250000000000000 3de58000
fastperlin2d 9223372036854775807 256.00000000000000 -17.250000000000000 3e658000
perlin3d 9223372036854775807 256.00000000000000 -17.250000000000000 17.250000000000000 bdd58237
fastperlin3d 9223372036854775807 256.00000000000000 -17.250000000000000 17.250000000000000 be5d4540
perlin2d 9223372036854775807 1024.5000000000000 17.250000000000000 3d9a8000
fastperlin2d 9223372036854775807 1024.5000000000000 17.250000000000000 3e1a8000
perlin3d 9223372036854775807 1024.5000000000000 17.250000000000000 0.50000000000000000 be0d9a2b
fastperlin3d 9223372036854775807 1024.5000000000000 17.250000000000000 0.50000000000000000 be92c000
randomfield2d 9223372036854775807 1 17.500000000000000 -1024 -1 00000001
randomfield3d 9223372036854775807 1 17.500000000000000 -1024 -1 0 00000001
randomfield2d 9223372036854775807 1 17.500000000000000 -256 255 00000001
randomfield3d 9223372036854775807 1 17.500000000000000 -256 255 -1 00000001
randomfield2d 9223372036854775807 1 17.500000000000000 -17 0 00000001
randomfield3d 9223372036854775807 1 17.500000000000000 -17 0 -256 00000000
randomfield2d 9223372036854775807 1 17.500000000000000 -1 256 00000001
randomfield3d 9223372036854775807 1 17.500000000000000 -1 256 1024 00000001
randomfield2d 9223372036854775807 1 17.500000000000000 0 0 00000000
randomfield3d 9223372036854775807 1 17.500000000000000 0 0 255 00000000
randomfield2d 9223372036854775807 1 17.500000000000000 0 1024 00000000
randomfield3d 9223372036854775807 1 17.500000000000000 0 1024 1 00000000
randomfield2d 9223372036854775807 1 17.500000000000000 0 0 00000000
randomfield3d 9223372036854775807 1 17.500000000000000 0 0 0 00000000
randomfield2d 9223372036854775807 1 17.500000000000000 0 -1024 00000001
randomfield3d 9223372036854775807 1 17.500000000000000 0 -1024 0 00000001
randomfield2d 9223372036854775807 1 17.500000000000000 1 0 00000000
randomfield3d 9223372036854775807 1 17.500000000000000 1 0 -17 00000000
randomfield2d 9223372036854775807 1 17.500000000000000 17 -256 00000001
randomfield3d 9223372036854775807 1 17.500000000000000 17 -256 -1024 00000000
randomfield2d 9223372036854775807 1 17.500000000000000 255 1 00000001
randomfield3d 9223372036854775807 1 17.500000000000000 255 1 256 00000001
randomfield2d 9223372036854775807 1 17.500000000000000 256 -17 00000000
randomfield3d 9223372036854775807 1 17.500000000000000 256 -17 17 00000001
randomfield2d 9223372036854775807 1 17.500000000000000 1024 17 00000000
randomfield3d 9223372036854775807 1 17.500000000000000 1024 17 0 00000000
randomfield2d 9223372036854775807 1 256.00000000000000 -1024 -1 00000001
randomfield3d 9223372036854775807 1 256.00000000000000 -1024 -1 0 00000001
randomfield2d 9223372036854775807 1 256.00000000000000 -256 255 00000000
randomfield3d 9223372036854775807 1 256.00000000000000 -256 255 -1 00000000
randomfield2d 9223372036854775807 1 256.00000000000000 -17 0 00000001
randomfield3d 9223372036854775807 1 256.00000000000000 -17 0 -256 00000001
randomfield2d 9223372036854775807 1 256.00000000000000 -1 256 00000001
randomfield3d 9223372036854775807 1 256.00000000000000 -1 256 1024 00000000
randomfield2d 9223372036854775807 1 256.00000000000000 0 0 00000000
randomfield3d 9223372036854775807 1 256.00000000000000 0 0 255 00000000
randomfield2d 9223372036854775807 1 256.00000000000000 0 1024 00000000
randomfield3d 9223372036854775807 1 256.00000000000000 0 1024 1 00000000
randomfield2d 9223372036854775807 1 256.00000000000000 0 0 00000000
randomfield3d 9223372036854775807 1 256.00000000000000 0 0 0 00000000
randomfield2d 9223372036854775807 1 256.00000000000000 0 -1024 00000000
randomfield3d 9223372036854775807 1 256.00000000000000 0 -1024 0 00000000
randomfield2d 9223372036854775807 1 256.00000000000000 1 0 00000000
randomfield3d 9223372036854775807 1 256.00000000000000 1 0 -17 00000001
randomfield2d 9223372036854775807 1 256.00000000000000 17 -256 00000000
randomfield3d 9223372036854775807 1 256.00000000000000 17 -256 -1024 00000000
randomfield2d 9223372036854775807 1 256.00000000000000 255 1 00000001
randomfield3d 9223372036854775807 1 256.00000000000000 255 1 256 00000000
randomfield2d 9223372036854775807 1 256.00000000000000 256 -17 00000000
randomfield3d 9223372036854775807 1 256.00000000000000 256 -17 17 00000000
randomfield2d 9223372036854775807 1 256.00000000000000 1024 17 00000000
randomfield3d 9223372036854775807 1 256.00000000000000 1024 17 0 00000000
randomfield2d 9223372036854775807 2 17.500000000000000 -1024 -1 00000002
randomfield3d 9223372036854775807 2 17.500000000000000 -1024 -1 0 00000002
randomfield2d 9223372036854775807 2 17.500000000000000 -256 255 00000002
randomfield3d 9223372036854775807 2 17.500000000000000 -256 255 -1 00000002
randomfield2d 9223372036854775807 2 17.500000000000000 -17 0 00000003
randomfield3d 9223372036854775807 2 17.500000000000000 -17 0 -256 00000000
randomfield2d 9223372036854775807 2 17.500000000000000 -1 256 00000003
randomfield3d 9223372036854775807 2 17.500000000000000 -1 256 1024 00000002
randomfield2d 9223372036854775807 2 17.500000000000000 0 0 00000000
randomfield3d 9223372036854775807 2 17.500000000000000 0 0 255 00000000
randomfield2d 9223372036854775807 2 17.500000000000000 0 1024 00000001
randomfield3d 9223372036854775807 2 17.500000000000000 0 1024 1 00000001
randomfield2d 9223372036854775807 2 17.500000000000000 0 0 00000000
randomfield3d 9223372036854775807 2 17.500000000000000 0 0 0 00000000
randomfield2d 9223372036854775807 2 17.500000000000000 0 -1024 00000002
randomfield3d 9223372036854775807 2 17.500000000000000 0 -1024 0 00000002
randomfield2d 9223372036854775807 2 17.500000000000000 1 0 00000000
randomfield3d 9223372036854775807 2 17.500000000000000 1 0 -17 00000001
randomfield2d 9223372036854775807 2 17.500000000000000 17 -256 00000002
randomfield3d 9223372036854775807 2 17.500000000000000 17 -256 -1024 00000001
randomfield2d 9223372036854775807 2 17.500000000000000 255 1 00000003
randomfield3d 9223372036854775807 2 17.500000000000000 255 1 256 00000003
randomfield2d 9223372036854775807 2 17.500000000000000 256 -17 00000001
randomfield3d 9223372036854775807 2 17.500000000000000 256 -17 17 00000003
randomfield2d 9223372036854775807 2 17.500000000000000 1024 17 00000000
randomfield3d 9223372036854775807 2 17.500000000000000 1024 17 0 00000000
randomfield2d 9223372036854775807 2 256.00000000000000 -1024 -1 00000003
randomfield3d 9223372036854775807 2 256.00000000000000 -1024 -1 0 00000003
randomfield2d 9223372036854775807 2 256.00000000000000 -256 255 00000001
randomfield3d 9223372036854775807 2 256.00000000000000 -256 255 -1 00000001
randomfield2d 9223372036854775807 2 256.00000000000000 -17 0 00000003
randomfield3d 9223372036854775807 2 256.00000000000000 -17 0 -256 00000002
randomfield2d 9223372036854775807 2 256.00000000000000 -1 256 00000002
randomfield3d 9223372036854775807 2 256.00000000000000 -1 256 1024 00000000
randomfield2d 9223372036854775807 2 256.00000000000000 0 0 00000000
randomfield3d 9223372036854775807 2 256.00000000000000 0 0 255 00000000
randomfield2d 9223372036854775807 2 256.00000000000000 0 1024 00000000
randomfield3d 9223372036854775807 2 256.00000000000000 0 1024 1 00000001
randomfield2d 9223372036854775807 2 256.00000000000000 0 0 00000000
randomfield3d 9223372036854775807 2 256.00000000000000 0 0 0 00000000
randomfield2d 9223372036854775807 2 256.00000000000000 0 -1024 00000000
randomfield3d 9223372036854775807 2 256.00000000000000 0 -1024 0 00000000
randomfield2d 9223372036854775807 2 256.00000000000000 1 0 00000000
randomfield3d 9223372036854775807 2 256.00000000000000 1 0 -17 00000002
randomfield2d 9223372036854775807 2 256.00000000000000 17 -256 00000000
randomfield3d 9223372036854775807 2 256.00000000000000 17 -256 -1024 00000001
randomfield2d 9223372036854775807 2 256.00000000000000 255 1 00000002
randomfield3d 9223372036854775807 2 256.00000000000000 255 1 256 00000000
randomfield2d 9223372036854775807 2 256.00000000000000 256 -17 00000001
randomfield3d 9223372036854775807 2 256.00000000000000 256 -17 17 00000001
randomfield2d 9223372036854775807 2 256.00000000000000 1024 17 00000000
randomfield3d 9223372036854775807 2 256.00000000000000 1024 17 0 00000000
randomfield2d 9223372036854775807 4 17.500000000000000 -1024 -1 00000008
randomfield3d 9223372036854775807 4 17.500000000000000 -1024 -1 0 00000008
randomfield2d 9223372036854775807 4 17.500000000000000 -256 255 0000000a
randomfield3d 9223372036854775807 4 17.500000000000000 -256 255 -1 0000000a
randomfield2d 9223372036854775807 4 17.500000000000000 -17 0 0000000f
randomfield3d 9223372036854775807 4 17.500000000000000 -17 0 -256 00000001
randomfield2d 9223372036854775807 4 17.500000000000000 -1 256 0000000f
randomfield3d 9223372036854775807 4 17.500000000000000 -1 256 1024 00000009
randomfield2d 9223372036854775807 4 17.500000000000000 0 0 00000000
randomfield3d 9223372036854775807 4 17.500000000000000 0 0 255 00000002
randomfield2d 9223372036854775807 4 17.500000000000000 0 1024 00000006
randomfield3d 9223372036854775807 4 17.500000000000000 0 1024 1 00000005
randomfield2d 9223372036854775807 4 17.500000000000000 0 0 00000000
randomfield3d 9223372036854775807 4 17.500000000000000 0 0 0 00000000
randomfield2d 9223372036854775807 4 17.500000000000000 0 -1024 00000009
randomfield3d 9223372036854775807 4 17.500000000000000 0 -1024 0 00000009
randomfield2d 9223372036854775807 4 17.500000000000000 1 0 00000000
randomfield3d 9223372036854775807 4 17.500000000000000 1 0 -17 00000005
randomfield2d 9223372036854775807 4 17.500000000000000 17 -256 0000000a
randomfield3d 9223372036854775807 4 17.500000000000000 17 -256 -1024 00000007
randomfield2d 9223372036854775807 4 17.500000000000000 255 1 0000000f
randomfield3d 9223372036854775807 4 17.500000000000000 255 1 256 0000000c
randomfield2d 9223372036854775807 4 17.500000000000000 256 -17 00000006
randomfield3d 9223372036854775807 4 17.500000000000000 256 -17 17 0000000f
randomfield2d 9223372036854775807 4 17.500000000000000 1024 17 00000001
randomfield3d 9223372036854775807 4 17.500000000000000 1024 17 0 00000001
randomfield2d 9223372036854775807 4 256.00000000000000 -1024 -1 0000000d
randomfield3d 9223372036854775807 4 256.00000000000000 -1024 -1 0 0000000d
randomfield2d 9223372036854775807 4 256.00000000000000 -256 255 00000004
randomfield3d 9223372036854775807 4 256.00000000000000 -256 255 -1 00000004
randomfield2d 9223372036854775807 4 256.00000000000000 -17 0 0000000f
randomfield3d 9223372036854775807 4 256.00000000000000 -17 0 -256 00000008
randomfield2d 9223372036854775807 4 256.00000000000000 -1 256 0000000b
randomfield3d 9223372036854775807 4 256.00000000000000 -1 256 1024 00000000
randomfield2d 9223372036854775807 4 256.00000000000000 0 0 00000000
randomfield3d 9223372036854775807 4 256.00000000000000 0 0 255 00000000
randomfield2d 9223372036854775807 4 256.00000000000000 0 1024 00000000
randomfield3d 9223372036854775807 4 256.00000000000000 0 1024 1 00000006
randomfield2d 9223372036854775807 4 256.00000000000000 0 0 00000000
randomfield3d 9223372036854775807 4 256.00000000000000 0 0 0 00000000
randomfield2d 9223372036854775807 4 256.00000000000000 0 -1024 00000000
randomfield3d 9223372036854775807 4 256.00000000000000 0 -1024 0 00000000
randomfield2d 9223372036854775807 4 256.00000000000000 1 0 00000000
randomfield3d 9223372036854775807 4 256.00000000000000 1 0 -17 0000000b
randomfield2d 9223372036854775807 4 256.00000000000000 17 -256 00000000
randomfield3d 9223372036854775807 4 256.00000000000000 17 -256 -1024 00000005
randomfield2d 9223372036854775807 4 256.00000000000000 255 1 0000000b
randomfield3d 9223372036854775807 4 256.00000000000000 255 1 256 00000001
randomfield2d 9223372036854775807 4 256.00000000000000 256 -17 00000004
randomfield3d 9223372036854775807 4 256.00000000000000 256 -17 17 00000004
randomfield2d 9223372036854775807 4 256.00000000000000 1024 17 00000000
randomfield3d 9223372036854775807 4 256.00000000000000 1024 17 0 00000000
randomfield2d 9223372036854775807 8 17.500000000000000 -1024 -1 0000008c
randomfield3d 9223372036854775807 8 17.500000000000000 -1024 -1 0 0000008c
randomfield2d 9223372036854775807 8 17.500000000000000 -256 255 000000a9
randomfield3d 9223372036854775807 8 17.500000000000000 -256 255 -1 000000a8
randomfield2d 9223372036854775807 8 17.500000000000000 -17 0 000000ff
randomfield3d 9223372036854775807 8 17.500000000000000 -17 0 -256 00000017
randomfield2d 9223372036854775807 8 17.500000000000000 -1 256 000000f4
randomfield3d 9223372036854775807 8 17.500000000000000 -1 256 1024 00000097
randomfield2d 9223372036854775807 8 17.500000000000000 0 0 00000000
randomfield3d 9223372036854775807 8 17.500000000000000 0 0 255 00000026
randomfield2d 9223372036854775807 8 17.500000000000000 0 1024 00000064
randomfield3d 9223372036854775807 8 17.500000000000000 0 1024 1 00000054
randomfield2d 9223372036854775807 8 17.500000000000000 0 0 00000000
randomfield3d 9223372036854775807 8 17.500000000000000 0 0 0 00000000
randomfield2d 9223372036854775807 8 17.500000000000000 0 -1024 00000091
randomfield3d 9223372036854775807 8 17.500000000000000 0 -1024 0 00000091
randomfield2d 9223372036854775807 8 17.500000000000000 1 0 00000006
randomfield3d 9223372036854775807 8 17.500000000000000 1 0 -17 00000051
randomfield2d 9223372036854775807 8 17.500000000000000 17 -256 000000a1
randomfield3d 9223372036854775807 8 17.500000000000000 17 -256 -1024 0000007e
randomfield2d 9223372036854775807 8 17.500000000000000 255 1 000000ff
randomfield3d 9223372036854775807 8 17.500000000000000 255 1 256 000000c3
randomfield2d 9223372036854775807 8 17.500000000000000 256 -17 0000006c
randomfield3d 9223372036854775807 8 17.500000000000000 256 -17 17 000000fc
randomfield2d 9223372036854775807 8 17.500000000000000 1024 17 00000019
randomfield3d 9223372036854775807 8 17.500000000000000 1024 17 0 00000019
randomfield2d 9223372036854775807 8 256.00000000000000 -1024 -1 000000d5
randomfield3d 9223372036854775807 8 256.00000000000000 -1024 -1 0 000000d5
randomfield2d 9223372036854775807 8 256.00000000000000 -256 255 0000004a
randomfield3d 9223372036854775807 8 256.00000000000000 -256 255 -1 0000004a
randomfield2d 9223372036854775807 8 256.00000000000000 -17 0 000000f9
randomfield3d 9223372036854775807 8 256.00000000000000 -17 0 -256 0000008e
randomfield2d 9223372036854775807 8 256.00000000000000 -1 256 000000be
randomfield3d 9223372036854775807 8 256.00000000000000 -1 256 1024 00000009
randomfield2d 9223372036854775807 8 256.00000000000000 0 0 00000000
randomfield3d 9223372036854775807 8 256.00000000000000 0 0 255 00000009
randomfield2d 9223372036854775807 8 256.00000000000000 0 1024 00000000
randomfield3d 9223372036854775807 8 256.00000000000000 0 1024 1 00000063
randomfield2d 9223372036854775807 8 256.00000000000000 0 0 00000000
randomfield3d 9223372036854775807 8 256.00000000000000 0 0 0 00000000
randomfield2d 9223372036854775807 8 256.00000000000000 0 -1024 00000000
randomfield3d 9223372036854775807 8 256.00000000000000 0 -1024 0 00000000
randomfield2d 9223372036854775807 8 256.00000000000000 1 0 00000006
randomfield3d 9223372036854775807 8 256.00000000000000 1 0 -17 000000b6
randomfield2d 9223372036854775807 8 256.00000000000000 17 -256 00000009
randomfield3d 9223372036854775807 8 256.00000000000000 17 -256 -1024 00000054
randomfield2d 9223372036854775807 8 256.00000000000000 255 1 000000be
randomfield3d 9223372036854775807 8 256.00000000000000 255 1 256 0000001a
randomfield2d 9223372036854775807 8 256.00000000000000 256 -17 00000048
randomfield3d 9223372036854775807 8 256.00000000000000 256 -17 17 0000004c
randomfield2d 9223372036854775807 8 256.00000000000000 1024 17 0000000c
randomfield3d 9223372036854775807 8 256.00000000000000 1024 17 0 0000000c
randomfield2d 9223372036854775807 12 17.500000000000000 -1024 -1 000008c0
randomfield3d 9223372036854775807 12 17.500000000000000 -1024 -1 0 000008c0
randomfield2d 9223372036854775807 12 17.500000000000000 -256 255 00000a98
randomfield3d 9223372036854775807 12 17.500000000000000 -256 255 -1 00000a88
randomfield2d 9223372036854775807 12 17.500000000000000 -17 0 00000ff8
randomfield3d 9223372036854775807 12 17.500000000000000 -17 0 -256 0000017c
randomfield2d 9223372036854775807 12 17.500000000000000 -1 256 00000f47
randomfield3d 9223372036854775807 12 17.500000000000000 -1 256 1024 0000097c
randomfield2d 9223372036854775807 12 17.500000000000000 0 0 00000000
randomfield3d 9223372036854775807 12 17.500000000000000 0 0 255 00000262
randomfield2d 9223372036854775807 12 17.500000000000000 0 1024 00000643
randomfield3d 9223372036854775807 12 17.500000000000000 0 1024 1 00000543
randomfield2d 9223372036854775807 12 17.500000000000000 0 0 00000000
randomfield3d 9223372036854775807 12 17.500000000000000 0 0 0 00000000
randomfield2d 9223372036854775807 12 17.500000000000000 0 -1024 00000918
randomfield3d 9223372036854775807 12 17.500000000000000 0 -1024 0 00000918
randomfield2d 9223372036854775807 12 17.500000000000000 1 0 00000064
randomfield3d 9223372036854775807 12 17.500000000000000 1 0 -17 00000513
randomfield2d 9223372036854775807 12 17.500000000000000 17 -256 00000a19
randomfield3d 9223372036854775807 12 17.500000000000000 17 -256 -1024 000007ee
randomfield2d 9223372036854775807 12 17.500000000000000 255 1 00000ff7
randomfield3d 9223372036854775807 12 17.500000000000000 255 1 256 00000c30
randomfield2d 9223372036854775807 12 17.500000000000000 256 -17 000006cb
randomfield3d 9223372036854775807 12 17.500000000000000 256 -17 17 00000fcb
randomfield2d 9223372036854775807 12 17.500000000000000 1024 17 00000192
randomfield3d 9223372036854775807 12 17.500000000000000 1024 17 0 00000192
randomfield2d 9223372036854775807 12 256.00000000000000 -1024 -1 00000d5b
randomfield3d 9223372036854775807 12 256.00000000000000 -1024 -1 0 00000d5b
randomfield2d 9223372036854775807 12 256.00000000000000 -256 255 000004a1
randomfield3d 9223372036854775807 12 256.00000000000000 -256 255 -1 000004a3
randomfield2d 9223372036854775807 12 256.00000000000000 -17 0 00000f99
randomfield3d 9223372036854775807 12 256.00000000000000 -17 0 -256 000008ec
randomfield2d 9223372036854775807 12 256.00000000000000 -1 256 00000bea
randomfield3d 9223372036854775807 12 256.00000000000000 -1 256 1024 0000009f
randomfield2d 9223372036854775807 12 256.00000000000000 0 0 00000000
randomfield3d 9223372036854775807 12 256.00000000000000 0 0 255 00000097
randomfield2d 9223372036854775807 12 256.00000000000000 0 1024 00000000
randomfield3d 9223372036854775807 12 256.00000000000000 0 1024 1 00000636
randomfield2d 9223372036854775807 12 256.00000000000000 0 0 00000000
randomfield3d 9223372036854775807 12 256.00000000000000 0 0 0 00000000
randomfield2d 9223372036854775807 12 256.00000000000000 0 -1024 00000000
randomfield3d 9223372036854775807 12 256.00000000000000 0 -1024 0 00000000
randomfield2d 9223372036854775807 12 256.00000000000000 1 0 00000064
randomfield3d 9223372036854775807 12 256.00000000000000 1 0 -17 00000b6c
randomfield2d 9223372036854775807 12 256.00000000000000 17 -256 0000009c
randomfield3d 9223372036854775807 12 256.00000000000000 17 -256 -1024 00000542
randomfield2d 9223372036854775807 12 256.00000000000000 255 1 00000be3
randomfield3d 9223372036854775807 12 256.00000000000000 255 1 256 000001ad
randomfield2d 9223372036854775807 12 256.00000000000000 256 -17 0000048c
randomfield3d 9223372036854775807 12 256.00000000000000 256 -17 17 000004c8
randomfield2d 9223372036854775807 12 256.00000000000000 1024 17 000000c2
randomfield3d 9223372036854775807 12 256.00000000000000 1024 17 0 000000c2
promillage 0 0.00000000 3f000000
promillage 0 0.0500000007 3ee89000
promillage 0 1.00000000 3eb76000
promillage 0 1.04999995 3eb6c560
promillage 0 2.00000000 3eae3460
promillage 0 2.04999995 3eaddfd0
promillage 0 3.00000000 3ea8a0f0
promillage 0 3.04999995 3ea86538
promillage 0 4.00000000 3ea47cd8
promillage 0 4.05000019 3ea44a6c
promillage 0 5.00000000 3ea12ac0
promillage 0 5.05000019 3ea10448
promillage 0 6.00000000 3e9e5ae0
promillage 0 6.05000019 3e9e3920
promillage 0 7.00000000 3e9be140
promillage 0 7.05000019 3e9bc49c
promillage 0 8.00000000 3e99bb20
promillage 0 8.05000019 3e99a0a0
promillage 0 9.00000000 3e97bd7e
promillage 0 9.05000019 3e97a508
promillage 0 10.0000000 3e95e728
promillage 0 10.0500002 3e95d1ec
promillage 0 11.0000000 3e942f70
promillage 0 11.0500002 3e941938
promillage 0 12.0000000 3e928ff8
promillage 0 12.0500002 3e927d3c
promillage 0 13.0000000 3e91107c
promillage 0 13.0500002 3e90fd4e
promillage 0 14.0000000 3e8f9950
promillage 0 14.0500002 3e8f8808
promillage 0 15.0000000 3e8e3fe8
promillage 0 15.0500002 3e8e2f3c
promillage 0 16.0000000 3e8cf240
promillage 0 16.0499992 3e8ce239
promillage 0 17.0000000 3e8bb7b0
promillage 0 17.0499992 3e8ba895
promillage 0 18.0000000 3e8a84f4
promillage 0 18.0499992 3e8a7626
promillage 0 19.0000000 3e895dea
promillage 0 19.0499992 3e894f55
promillage 0 20.0000000 3e8844c2
promillage 0 20.0499992 3e88372b
promillage 0 21.0000000 3e8732c0
promillage 0 21.0499992 3e872528
promillage 0 22.0000000 3e862ca4
promillage 0 22.0499992 3e861f72
promillage 0 23.0000000 3e852e40
promillage 0 23.0499992 3e852238
promillage 0 24.0000000 3e843d58
promillage 0 24.0499992 3e843171
promillage 0 25.0000000 3e8352a2
promillage 0 25.0499992 3e8346bf
promillage 0 26.0000000 3e827326
promillage 0 26.0499992 3e826837
promillage 0 27.0000000 3e819992
promillage 0 27.0499992 3e818e2f
promillage 0 28.0000000 3e80c9d8
promillage 0 28.0499992 3e80bfe2
promillage 0 29.0000000 3e800afc
promillage 0 29.0499992 3e800284
promillage 0 30.0000000 3e7eb614
promillage 0 30.0499992 3e7ea41e
promillage 0 31.0000000 3e7d4fd4
promillage 0 31.0499992 3e7d3e62
promillage 0 32.0000000 3e7be9b8
promillage 0 32.0499992 3e7bd82c
promillage 0 33.0000000 3e7a8b40
promillage 0 33.0499992 3e7a7958
promillage 0 34.0000000 3e792f46
promillage 0 34.0499992 3e791d6b
promillage 0 35.0000000 3e77dcb6
promillage 0 35.0499992 3e77cd13
promillage 0 36.0000000 3e7686cd
promillage 0 36.0499992 3e767568
promillage 0 37.0000000 3e7532e0
promillage 0 37.0499992 3e752218
promillage 0 38.0000000 3e73e9b0
promillage 0 38.0499992 3e73d890
promillage 0 39.0000000 3e729ba8
promillage 0 39.0499992 3e728ade
promillage 0 40.0000000 3e715708
promillage 0 40.0499992 3e714785
promillage 0 41.0000000 3e7014a0
promillage 0 41.0499992 3e700504
promillage 0 42.0000000 3e6ed608
promillage 0 42.0499992 3e6ec640
promillage 0 43.0000000 3e6d9838
promillage 0 43.0499992 3e6d8764
promillage 0 44.0000000 3e6c5ab0
promillage 0 44.0499992 3e6c4ad0
promillage 0 45.0000000 3e6b2740
promillage 0 45.0499992 3e6b16e0
promillage 0 46.0000000 3e69f020
promillage 0 46.0499992 3e69e0df
promillage 0 47.0000000 3e68c530
promillage 0 47.0499992 3e68b669
promillage 0 48.0000000 3e6797d8
promillage 0 48.0499992 3e67895c
promillage 0 49.0000000 3e666c00
promillage 0 49.0499992 3e665d78
promillage 0 50.0000000 3e654990
promillage 0 50.0499992 3e653b50
promillage 0 51.0000000 3e6423d0
promillage 0 51.0499992 3e641548
promillage 0 52.0000000 3e6302b0
promillage 0 52.0499992 3e62f414
promillage 0 53.0000000 3e61dfd0
promillage 0 53.0499992 3e61d17f
promillage 0 54.0000000 3e60c264
promillage 0 54.0499992 3e60b45a
promillage 0 55.0000000 3e5fa8a8
promillage 0 55.0499992 3e5f9aac
promillage 0 56.0000000 3e5e8f4a
promillage 0 56.0499992 3e5e8199
promillage 0 57.0000000 3e5d77b0
promillage 0 57.0499992 3e5d69f8
promillage 0 58.0000000 3e5c6230
promillage 0 58.0499992 3e5c54f1
promillage 0 59.0000000 3e5b52e4
promillage 0 59.0499992 3e5b45a2
promillage 0 60.0000000 3e5a49b6
promillage 0 60.0499992 3e5a3d0f
promillage 0 61.0000000 3e5942f0
promillage 0 61.0499992 3e593584
promillage 0 62.0000000 3e583b44
promillage 0 62.0499992 3e582ee2
promillage 0 63.0000000 3e57334c
promillage 0 63.0499992 3e57261a
promillage 0 64.0000000 3e562f88
promillage 0 64.0500031 3e5621dc
promillage 0 65.0000000 3e552ef0
promillage 0 65.0500031 3e5522c5
promillage 0 66.0000000 3e542ff0
promillage 0 66.0500031 3e5423d0
promillage 0 67.0000000 3e533400
promillage 0 67.0500031 3e53277a
promillage 0 68.0000000 3e5238e4
promillage 0 68.0500031 3e522caa
promillage 0 69.0000000 3e514318
promillage 0 69.0500031 3e5136a8
promillage 0 70.0000000 3e504d78
promillage 0 70.0500031 3e5040e8
promillage 0 71.0000000 3e4f573b
promillage 0 71.0500031 3e4f4b26
promillage 0 72.0000000 3e4e6818
promillage 0 72.0500031 3e4e5c3c
promillage 0 73.0000000 3e4d78bc
promillage 0 73.0500031 3e4d6c9e
promillage 0 74.0000000 3e4c8c38
promillage 0 74.0500031 3e4c7fea
promillage 0 75.0000000 3e4b9ea2
promillage 0 75.0500031 3e4b9255
promillage 0 76.0000000 3e4ab218
promillage 0 76.0500031 3e4aa68c
promillage 0 77.0000000 3e49c8f8
promillage 0 77.0500031 3e49bdb0
promillage 0 78.0000000 3e48e512
promillage 0 78.0500031 3e48d96a
promillage 0 79.0000000 3e47ff70
promillage 0 79.0500031 3e47f370
promillage 0 80.0000000 3e471a40
promillage 0 80.0500031 3e470ef8
promillage 0 81.0000000 3e463aa2
promillage 0 81.0500031 3e462eaf
promillage 0 82.0000000 3e4558d0
promillage 0 82.0500031 3e454dc8
promillage 0 83.0000000 3e447a14
promillage 0 83.0500031 3e446f32
promillage 0 84.0000000 3e439f24
promillage 0 84.0500031 3e4393c2
promillage 0 85.0000000 3e42c520
promillage 0 85.0500031 3e42ba34
promillage 0 86.0000000 3e41eb66
promillage 0 86.0500031 3e41e086
promillage 0 87.0000000 3e411176
promillage 0 87.0500031 3e4106e1
promillage 0 88.0000000 3e403823
promillage 0 88.0500031 3e402ccd
promillage 0 89.0000000 3e3f62ec
promillage 0 89.0500031 3e3f57fc
promillage 0 90.0000000 3e3e8ee0
promillage 0 90.0500031 3e3e8486
promillage 0 91.0000000 3e3dbc30
promillage 0 91.0500031 3e3db1d8
promillage 0 92.0000000 3e3cec06
promillage 0 92.0500031 3e3ce10d
promillage 0 93.0000000 3e3c1cdc
promillage 0 93.0500031 3e3c12ec
promillage 0 94.0000000 3e3b5190
promillage 0 94.0500031 3e3b4760
promillage 0 95.0000000 3e3a8574
promillage 0 95.0500031 3e3a7bb0
promillage 0 96.0000000 3e39bc98
promillage 0 96.0500031 3e39b248
promillage 0 97.0000000 3e38f40c
promillage 0 97.0500031 3e38ea8a
promillage 0 98.0000000 3e382ac8
promillage 0 98.0500031 3e382178
promillage 0 99.0000000 3e376488
promillage 0 99.0500031 3e375a78
promillage 0 100.000000 3e36a090
promillage 0 100.050003 3e3696a8
promillage 0 101.000000 3e35dd50
promillage 0 101.050003 3e35d31e
promillage 0 102.000000 3e351c00
promillage 0 102.050003 3e351192
promillage 0 103.000000 3e345a80
promillage 0 103.050003 3e345124
promillage 0 104.000000 3e339d6c
promillage 0 104.050003 3e33943e
promillage 0 105.000000 3e32e028
promillage 0 105.050003 3e32d685
promillage 0 106.000000 3e322450
promillage 0 106.050003 3e321b36
promillage 0 107.000000 3e316ea0
promillage 0 107.050003 3e316544
promillage 0 108.000000 3e30b61e
promillage 0 108.050003 3e30acf5
promillage 0 109.000000 3e2ffe60
promillage 0 109.050003 3e2ff4ec
promillage 0 110.000000 3e2f49b0
promillage 0 110.050003 3e2f40b4
promillage 0 111.000000 3e2e97dc
promillage 0 111.050003 3e2e8ed8
promillage 0 112.000000 3e2de5b4
promillage 0 112.050003 3e2ddc92
promillage 0 113.000000 3e2d2fe0
promillage 0 113.050003 3e2d26e8
promillage 0 114.000000 3e2c7d6c
promillage 0 114.050003 3e2c74e2
promillage 0 115.000000 3e2bcf76
promillage 0 115.050003 3e2bc655
promillage 0 116.000000 3e2b2144
promillage 0 116.050003 3e2b18bf
promillage 0 117.000000 3e2a73f4
promillage 0 117.050003 3e2a6b3b
promillage 0 118.000000 3e29ca64
promillage 0 118.050003 3e29c1d8
promillage 0 119.000000 3e292180
promillage 0 119.050003 3e29189b
promillage 0 120.000000 3e2878d8
promillage 0 120.050003 3e287078
promillage 0 121.000000 3e27d070
promillage 0 121.050003 3e27c84e
promillage 0 122.000000 3e272a2a
promillage 0 122.050003 3e272251
promillage 0 123.000000 3e268829
promillage 0 123.050003 3e267f7e
promillage 0 124.000000 3e25e32c
promillage 0 124.050003 3e25db02
promillage 0 125.000000 3e254122
promillage 0 125.050003 3e2538e6
promillage 0 126.000000 3e249fb6
promillage 0 126.050003 3e24974f
promillage 0 127.000000 3e23fd03
promillage 0 127.050003 3e23f4b4
promillage 0 128.000000 3e235ae8
promillage 0 128.050003 3e2352da
promillage 0 129.000000 3e22bbc0
promillage 0 129.050003 3e22b400
promillage 0 130.000000 3e221bf6
promillage 0 130.050003 3e221471
promillage 0 131.000000 3e217c94
promillage 0 131.050003 3e217471
promillage 0 132.000000 3e20dfd0
promillage 0 132.050003 3e20d7c8
promillage 0 133.000000 3e20433c
promillage 0 133.050003 3e203bc4
promillage 0 134.000000 3e1fa766
promillage 0 134.050003 3e1f9f83
promillage 0 135.000000 3e1f0b85
promillage 0 135.050003 3e1f0414
promillage 0 136.000000 3e1e70fe
promillage 0 136.050003 3e1e6943
promillage 0 137.000000 3e1dd829
promillage 0 137.050003 3e1dd078
promillage 0 138.000000 3e1d400c
promillage 0 138.050003 3e1d386c
promillage 0 139.000000 3e1caa2a
promillage 0 139.050003 3e1ca221
promillage 0 140.000000 3e1c14f0
promillage 0 140.050003 3e1c0d60
promillage 0 141.000000 3e1b7f88
promillage 0 141.050003 3e1b7823
promillage 0 142.000000 3e1aea40
promillage 0 142.050003 3e1ae2f4
promillage 0 143.000000 3e1a56fc
promillage 0 143.050003 3e1a4f97
promillage 0 144.000000 3e19c2b8
promillage 0 144.050003 3e19bb78
promillage 0 145.000000 3e1931d4
promillage 0 145.050003 3e192a63
promillage 0 146.000000 3e189ef0
promillage 0 146.050003 3e1897b4
promillage 0 147.000000 3e180dd2
promillage 0 147.050003 3e18063a
promillage 0 148.000000 3e177d88
promillage 0 148.050003 3e17767c
promillage 0 149.000000 3e16ed56
promillage 0 149.050003 3e16e613
promillage 0 150.000000 3e165c6e
promillage 0 150.050003 3e16553b
promillage 0 151.000000 3e15cae4
promillage 0 151.050003 3e15c3da
promillage 0 152.000000 3e153d7c
promillage 0 152.050003 3e15367a
promillage 0 153.000000 3e14b2dc
promillage 0 153.050003 3e14ab76
promillage 0 154.000000 3e14248e
promillage 0 154.050003 3e141d8b
promillage 0 155.000000 3e139706
promillage 0 155.050003 3e13901a
promillage 0 156.000000 3e130af0
promillage 0 156.050003 3e130468
promillage 0 157.000000 3e1281c0
promillage 0 157.050003 3e127b1b
promillage 0 158.000000 3e11f734
promillage 0 158.050003 3e11f038
promillage 0 159.000000 3e116d0a
promillage 0 159.050003 3e1165a9
promillage 0 160.000000 3e10e00c
promillage 0 160.050003 3e10d93a
promillage 0 161.000000 3e1053ac
promillage 0 161.050003 3e104c93
promillage 0 162.000000 3e0fc95d
promillage 0 162.050003 3e0fc26a
promillage 0 163.000000 3e0f3e28
promillage 0 163.050003 3e0f370b
promillage 0 164.000000 3e0eb530
promillage 0 164.050003 3e0eae75
promillage 0 165.000000 3e0e2b61
promillage 0 165.050003 3e0e24a8
promillage 0 166.000000 3e0da4b4
promillage 0 166.050003 3e0d9d7c
promillage 0 167.000000 3e0d1c76
promillage 0 167.050003 3e0d1568
promillage 0 168.000000 3e0c972c
promillage 0 168.050003 3e0c9026
promillage 0 169.000000 3e0c0fec
promillage 0 169.050003 3e0c0905
promillage 0 170.000000 3e0b8688
promillage 0 170.050003 3e0b7fcc
promillage 0 171.000000 3e0afec4
promillage 0 171.050003 3e0af7ae
promillage 0 172.000000 3e0a77fc
promillage 0 172.050003 3e0a70de
promillage 0 173.000000 3e09f1ac
promillage 0 173.050003 3e09eaa2
promillage 0 174.000000 3e096a96
promillage 0 174.050003 3e09640b
promillage 0 175.000000 3e08e530
promillage 0 175.050003 3e08de87
promillage 0 176.000000 3e085f20
promillage 0 176.050003 3e085832
promillage 0 177.000000 3e07d9dc
promillage 0 177.050003 3e07d3aa
promillage 0 178.000000 3e07548f
promillage 0 178.050003 3e074e00
promillage 0 179.000000 3e06cf5a
promillage 0 179.050003 3e06c8ea
promillage 0 180.000000 3e064d40
promillage 0 180.050003 3e064694
promillage 0 181.000000 3e05cc3b
promillage 0 181.050003 3e05c58a
promillage 0 182.000000 3e054990
promillage 0 182.050003 3e0542f2
promillage 0 183.000000 3e04c8b8
promillage 0 183.050003 3e04c21a
promillage 0 184.000000 3e04473e
promillage 0 184.050003 3e0440f7
promillage 0 185.000000 3e03c5a2
promillage 0 185.050003 3e03bef7
promillage 0 186.000000 3e0342e2
promillage 0 186.050003 3e033c47
promillage 0 187.000000 3e02c3d4
promillage 0 187.050003 3e02bd31
promillage 0 188.000000 3e024174
promillage 0 188.050003 3e023b52
promillage 0 189.000000 3e01bf4c
promillage 0 189.050003 3e01b8a0
promillage 0 190.000000 3e013fa0
promillage 0 190.050003 3e01396a
promillage 0 191.000000 3e00bed0
promillage 0 191.050003 3e00b8cc
promillage 0 192.000000 3e004208
promillage 0 192.050003 3e003b78
promillage 0 193.000000 3dff83bd
promillage 0 193.050003 3dff76b2
promillage 0 194.000000 3dfe8720
promillage 0 194.050003 3dfe79d5
promillage 0 195.000000 3dfd8952
promillage 0 195.050003 3dfd7c94
promillage 0 196.000000 3dfc8840
promillage 0 196.050003 3dfc7b6e
promillage 0 197.000000 3dfb8bb0
promillage 0 197.050003 3dfb7fa8
promillage 0 198.000000 3dfa8e62
promillage 0 198.050003 3dfa81a1
promillage 0 199.000000 3df9916c
promillage 0 199.050003 3df9851c
promillage 0 200.000000 3df894e0
promillage 0 200.050003 3df88884
promillage 0 201.000000 3df79b40
promillage 0 201.050003 3df78eb8
promillage 0 202.000000 3df6a0a0
promillage 0 202.050003 3df6946a
promillage 0 203.000000 3df5a616
promillage 0 203.050003 3df599e3
promillage 0 204.000000 3df4b118
promillage 0 204.050003 3df4a4b6
promillage 0 205.000000 3df3b6dc
promillage 0 205.050003 3df3aafa
promillage 0 206.000000 3df2c09e
promillage 0 206.050003 3df2b42b
promillage 0 207.000000 3df1c578
promillage 0 207.050003 3df1b86c
promillage 0 208.000000 3df0cd28
promillage 0 208.050003 3df0c06e
promillage 0 209.000000 3defd94e
promillage 0 209.050003 3defcca2
promillage 0 210.000000 3deee480
promillage 0 210.050003 3deed85e
promillage 0 211.000000 3dedebc1
promillage 0 211.050003 3deddecb
promillage 0 212.000000 3decf658
promillage 0 212.050003 3decea5c
promillage 0 213.000000 3debfe60
promillage 0 213.050003 3debf1f4
promillage 0 214.000000 3deb05a8
promillage 0 214.050003 3deaf914
promillage 0 215.000000 3dea0fb8
promillage 0 215.050003 3dea033a
promillage 0 216.000000 3de91934
promillage 0 216.050003 3de90d35
promillage 0 217.000000 3de828dc
promillage 0 217.050003 3de81cbc
promillage 0 218.000000 3de73460
promillage 0 218.050003 3de727bf
promillage 0 219.000000 3de64030
promillage 0 219.050003 3de634a0
promillage 0 220.000000 3de54dd4
promillage 0 220.050003 3de54193
promillage 0 221.000000 3de45d50
promillage 0 221.050003 3de45101
promillage 0 222.000000 3de36762
promillage 0 222.050003 3de35b3d
promillage 0 223.000000 3de272e0
promillage 0 223.050003 3de266e8
promillage 0 224.000000 3de18042
promillage 0 224.050003 3de173dd
promillage 0 225.000000 3de08d10
promillage 0 225.050003 3de08140
promillage 0 226.000000 3ddf9d30
promillage 0 226.050003 3ddf9123
promillage 0 227.000000 3ddeae24
promillage 0 227.050003 3ddea186
promillage 0 228.000000 3dddbb14
promillage 0 228.050003 3dddaf39
promillage 0 229.000000 3ddcccd0
promillage 0 229.050003 3ddcc0f8
promillage 0 230.000000 3ddbd8b4
promillage 0 230.050003 3ddbccca
promillage 0 231.000000 3ddaeab0
promillage 0 231.050003 3ddade03
promillage 0 232.000000 3dd9f784
promillage 0 232.050003 3dd9eb70
promillage 0 233.000000 3dd909b0
promillage 0 233.050003 3dd8fd5c
promillage 0 234.000000 3dd81bb8
promillage 0 234.050003 3dd80f78
promillage 0 235.000000 3dd72b90
promillage 0 235.050003 3dd71f70
promillage 0 236.000000 3dd63b00
promillage 0 236.050003 3dd62ef4
promillage 0 237.000000 3dd54b80
promillage 0 237.050003 3dd53f18
promillage 0 238.000000 3dd45e89
promillage 0 238.050003 3dd452c0
promillage 0 239.000000 3dd37388
promillage 0 239.050003 3dd36828
promillage 0 240.000000 3dd28800
promillage 0 240.050003 3dd27c80
promillage 0 241.000000 3dd19b55
promillage 0 241.050003 3dd18f2c
promillage 0 242.000000 3dd0add0
promillage 0 242.050003 3dd0a1a4
promillage 0 243.000000 3dcfc160
promillage 0 243.050003 3dcfb578
promillage 0 244.000000 3dced620
promillage 0 244.050003 3dceca59
promillage 0 245.000000 3dcdeb80
promillage 0 245.050003 3dcddfa0
promillage 0 246.000000 3dcd0226
promillage 0 246.050003 3dccf701
promillage 0 247.000000 3dcc17c4
promillage 0 247.050003 3dcc0c1e
promillage 0 248.000000 3dcb2e9c
promillage 0 248.050003 3dcb22fa
promillage 0 249.000000 3dca47d4
promillage 0 249.050003 3dca3cf2
promillage 0 250.000000 3dc95cf4
promillage 0 250.050003 3dc95081
promillage 0 251.000000 3dc871c8
promillage 0 251.050003 3dc8663c
promillage 0 252.000000 3dc78a00
promillage 0 252.050003 3dc77ee8
promillage 0 253.000000 3dc6a420
promillage 0 253.050003 3dc698f3
promillage 0 254.000000 3dc5bea6
promillage 0 254.050003 3dc5b309
promillage 0 255.000000 3dc4d780
promillage 0 255.050003 3dc4cc1f
promillage 0 256.000000 3dc3f350
promillage 0 256.049988 3dc3e848
promillage 0 257.000000 3dc30f4c
promillage 0 257.049988 3dc303ce
promillage 0 258.000000 3dc22cb8
promillage 0 258.049988 3dc220dc
promillage 0 259.000000 3dc146f8
promillage 0 259.049988 3dc13bb2
promillage 0 260.000000 3dc06050
promillage 0 260.049988 3dc05454
promillage 0 261.000000 3dbf79d0
promillage 0 261.049988 3dbf6eb0
promillage 0 262.000000 3dbe96f0
promillage 0 262.049988 3dbe8bbd
promillage 0 263.000000 3dbdb3a4
promillage 0 263.049988 3dbda812
promillage 0 264.000000 3dbcce70
promillage 0 264.049988 3dbcc3a0
promillage 0 265.000000 3dbbe76c
promillage 0 265.049988 3dbbdb97
promillage 0 266.000000 3dbb0040
promillage 0 266.049988 3dbaf484
promillage 0 267.000000 3dba1b18
promillage 0 267.049988 3dba0fac
promillage 0 268.000000 3db93646
promillage 0 268.049988 3db92ab1
promillage 0 269.000000 3db84df0
promillage 0 269.049988 3db8422f
promillage 0 270.000000 3db76ad4
promillage 0 270.049988 3db75f30
promillage 0 271.000000 3db68630
promillage 0 271.049988 3db67ae4
promillage 0 272.000000 3db5a108
promillage 0 272.049988 3db595c8
promillage 0 273.000000 3db4c0f8
promillage 0 273.049988 3db4b534
promillage 0 274.000000 3db3e0e8
promillage 0 274.049988 3db3d54e
promillage 0 275.000000 3db2fe80
promillage 0 275.049988 3db2f2f8
promillage 0 276.000000 3db21933
promillage 0 276.049988 3db20d4c
promillage 0 277.000000 3db13594
promillage 0 277.049988 3db12a42
promillage 0 278.000000 3db054c0
promillage 0 278.049988 3db049c4
promillage 0 279.000000 3daf70f8
promillage 0 279.049988 3daf6595
promillage 0 280.000000 3dae92d8
promillage 0 280.049988 3dae871c
promillage 0 281.000000 3dadaf56
promillage 0 281.049988 3dada433
promillage 0 282.000000 3daccf22
promillage 0 282.049988 3dacc3f1
promillage 0 283.000000 3dabf050
promillage 0 283.049988 3dabe5d2
promillage 0 284.000000 3dab1067
promillage 0 284.049988 3dab0505
promillage 0 285.000000 3daa2f14
promillage 0 285.049988 3daa23fa
promillage 0 286.000000 3da95080
promillage 0 286.049988 3da94624
promillage 0 287.000000 3da877d8
promillage 0 287.049988 3da86ca0
promillage 0 288.000000 3da79e90
promillage 0 288.049988 3da79344
promillage 0 289.000000 3da6beb0
promillage 0 289.049988 3da6b313
promillage 0 290.000000 3da5e0fc
promillage 0 290.049988 3da5d649
promillage 0 291.000000 3da503b0
promillage 0 291.049988 3da4f8bf
promillage 0 292.000000 3da42848
promillage 0 292.049988 3da41d52
promillage 0 293.000000 3da348e4
promillage 0 293.049988 3da33d6d
promillage 0 294.000000 3da26c18
promillage 0 294.049988 3da26034
promillage 0 295.000000 3da18cfe
promillage 0 295.049988 3da181b3
promillage 0 296.000000 3da0b200
promillage 0 296.049988 3da0a720
promillage 0 297.000000 3d9fd450
promillage 0 297.049988 3d9fc89a
promillage 0 298.000000 3d9ef49c
promillage 0 298.049988 3d9ee9b4
promillage 0 299.000000 3d9e1b4c
promillage 0 299.049988 3d9e1078
promillage 0 300.000000 3d9d425e
promillage 0 300.049988 3d9d3794
promillage 0 301.000000 3d9c67b0
promillage 0 301.049988 3d9c5cd3
promillage 0 302.000000 3d9b89e0
promillage 0 302.049988 3d9b7eea
promillage 0 303.000000 3d9ab03c
promillage 0 303.049988 3d9aa50d
promillage 0 304.000000 3d99d6e8
promillage 0 304.049988 3d99cbf6
promillage 0 305.000000 3d98fcd0
promillage 0 305.049988 3d98f260
promillage 0 306.000000 3d9821e0
promillage 0 306.049988 3d981659
promillage 0 307.000000 3d97467c
promillage 0 307.049988 3d973c74
promillage 0 308.000000 3d967070
promillage 0 308.049988 3d966586
promillage 0 309.000000 3d9594af
promillage 0 309.049988 3d958960
promillage 0 310.000000 3d94b558
promillage 0 310.049988 3d94aa4c
promillage 0 311.000000 3d93daa0
promillage 0 311.049988 3d93cf60
promillage 0 312.000000 3d9301fb
promillage 0 312.049988 3d92f716
promillage 0 313.000000 3d922c60
promillage 0 313.049988 3d922190
promillage 0 314.000000 3d915446
promillage 0 314.049988 3d9148af
promillage 0 315.000000 3d907d88
promillage 0 315.049988 3d9072b0
promillage 0 316.000000 3d8fa402
promillage 0 316.049988 3d8f9889
promillage 0 317.000000 3d8ecce0
promillage 0 317.049988 3d8ec1b8
promillage 0 318.000000 3d8df360
promillage 0 318.049988 3d8de8d8
promillage 0 319.000000 3d8d1be8
promillage 0 319.049988 3d8d10e8
promillage 0 320.000000 3d8c4435
promillage 0 320.049988 3d8c394a
promillage 0 321.000000 3d8b6aea
promillage 0 321.049988 3d8b6036
promillage 0 322.000000 3d8a9290
promillage 0 322.049988 3d8a8790
promillage 0 323.000000 3d89baa8
promillage 0 323.049988 3d89afd8
promillage 0 324.000000 3d88e550
promillage 0 324.049988 3d88da9a
promillage 0 325.000000 3d880e80
promillage 0 325.049988 3d8803e6
promillage 0 326.000000 3d873684
promillage 0 326.049988 3d872be2
promillage 0 327.000000 3d86633e
promillage 0 327.049988 3d865923
promillage 0 328.000000 3d8593ec
promillage 0 328.049988 3d858932
promillage 0 329.000000 3d84bc34
promillage 0 329.049988 3d84b192
promillage 0 330.000000 3d83e738
promillage 0 330.049988 3d83dc80
promillage 0 331.000000 3d830e4a
promillage 0 331.049988 3d8303e1
promillage 0 332.000000 3d823a58
promillage 0 332.049988 3d822f72
promillage 0 333.000000 3d816778
promillage 0 333.049988 3d815cf4
promillage 0 334.000000 3d8095ac
promillage 0 334.049988 3d808a6a
promillage 0 335.000000 3d7f7d50
promillage 0 335.049988 3d7f6744
promillage 0 336.000000 3d7dcf4c
promillage 0 336.049988 3d7dbac6
promillage 0 337.000000 3d7c2b60
promillage 0 337.049988 3d7c15f7
promillage 0 338.000000 3d7a8350
promillage 0 338.049988 3d7a6e52
promillage 0 339.000000 3d78e298
promillage 0 339.049988 3d78cd36
promillage 0 340.000000 3d7737f0
promillage 0 340.049988 3d772258
promillage 0 341.000000 3d758fa6
promillage 0 341.049988 3d757a7b
promillage 0 342.000000 3d73e300
promillage 0 342.049988 3d73ce70
promillage 0 343.000000 3d723540
promillage 0 343.049988 3d722068
promillage 0 344.000000 3d70956c
promillage 0 344.049988 3d707f7e
promillage 0 345.000000 3d6ef798
promillage 0 345.049988 3d6ee16c
promillage 0 346.000000 3d6d4b40
promillage 0 346.049988 3d6d36c8
promillage 0 347.000000 3d6ba560
promillage 0 347.049988 3d6b91f0
promillage 0 348.000000 3d6a0260
promillage 0 348.049988 3d69ecaa
promillage 0 349.000000 3d685ca0
promillage 0 349.049988 3d684700
promillage 0 350.000000 3d66b5c0
promillage 0 350.049988 3d66a1ca
promillage 0 351.000000 3d6516c0
promillage 0 351.049988 3d6500f0
promillage 0 352.000000 3d636998
promillage 0 352.049988 3d635566
promillage 0 353.000000 3d61cb70
promillage 0 353.049988 3d61b637
promillage 0 354.000000 3d602e84
promillage 0 354.049988 3d6018a8
promillage 0 355.000000 3d5e8ed8
promillage 0 355.049988 3d5e791c
promillage 0 356.000000 3d5cec00
promillage 0 356.049988 3d5cd6f6
promillage 0 357.000000 3d5b5548
promillage 0 357.049988 3d5b4092
promillage 0 358.000000 3d59af70
promillage 0 358.049988 3d599ae8
promillage 0 359.000000 3d581568
promillage 0 359.049988 3d580044
promillage 0 360.000000 3d5677f6
promillage 0 360.049988 3d566269
promillage 0 361.000000 3d54d7b8
promillage 0 361.049988 3d54c1ac
promillage 0 362.000000 3d533180
promillage 0 362.049988 3d531cd8
promillage 0 363.000000 3d518bc0
promillage 0 363.049988 3d5177c8
promillage 0 364.000000 3d4fec10
promillage 0 364.049988 3d4fd700
promillage 0 365.000000 3d4e5100
promillage 0 365.049988 3d4e3db0
promillage 0 366.000000 3d4cb500
promillage 0 366.049988 3d4ca09c
promillage 0 367.000000 3d4b1926
promillage 0 367.049988 3d4b0403
promillage 0 368.000000 3d498070
promillage 0 368.049988 3d496ae8
promillage 0 369.000000 3d47df79
promillage 0 369.049988 3d47cbb4
promillage 0 370.000000 3d464602
promillage 0 370.049988 3d46324b
promillage 0 371.000000 3d44a708
promillage 0 371.049988 3d449118
promillage 0 372.000000 3d430420
promillage 0 372.049988 3d42ef17
promillage 0 373.000000 3d417070
promillage 0 373.049988 3d415b38
promillage 0 374.000000 3d3fd1dc
promillage 0 374.049988 3d3fbd32
promillage 0 375.000000 3d3e378c
promillage 0 375.049988 3d3e2312
promillage 0 376.000000 3d3c9a20
promillage 0 376.049988 3d3c8677
promillage 0 377.000000 3d3afe10
promillage 0 377.049988 3d3ae888
promillage 0 378.000000 3d396220
promillage 0 378.049988 3d394db0
promillage 0 379.000000 3d37c9f4
promillage 0 379.049988 3d37b53a
promillage 0 380.000000 3d363120
promillage 0 380.049988 3d361d80
promillage 0 381.000000 3d349500
promillage 0 381.049988 3d3480e3
promillage 0 382.000000 3d32fac0
promillage 0 382.049988 3d32e670
promillage 0 383.000000 3d31662c
promillage 0 383.049988 3d315196
promillage 0 384.000000 3d2fd110
promillage 0 384.049988 3d2fbc68
promillage 0 385.000000 3d2e3970
promillage 0 385.049988 3d2e2502
promillage 0 386.000000 3d2ca5c0
promillage 0 386.049988 3d2c91a0
promillage 0 387.000000 3d2b1696
promillage 0 387.049988 3d2b01cb
promillage 0 388.000000 3d297ed8
promillage 0 388.049988 3d296a58
promillage 0 389.000000 3d27e9e0
promillage 0 389.049988 3d27d542
promillage 0 390.000000 3d265964
promillage 0 390.049988 3d2645b3
promillage 0 391.000000 3d24c824
promillage 0 391.049988 3d24b3ee
promillage 0 392.000000 3d233008
promillage 0 392.049988 3d231bd4
promillage 0 393.000000 3d219fb1
promillage 0 393.049988 3d218d74
promillage 0 394.000000 3d2012d0
promillage 0 394.049988 3d1fff8b
promillage 0 395.000000 3d1e8548
promillage 0 395.049988 3d1e7144
promillage 0 396.000000 3d1cf53c
promillage 0 396.049988 3d1ce1ca
promillage 0 397.000000 3d1b63f4
promillage 0 397.049988 3d1b50b2
promillage 0 398.000000 3d19d340
promillage 0 398.049988 3d19be92
promillage 0 399.000000 3d184168
promillage 0 399.049988 3d182d80
promillage 0 400.000000 3d16b060
promillage 0 400.049988 3d169bdd
promillage 0 401.000000 3d151dc0
promillage 0 401.049988 3d1508e8
promillage 0 402.000000 3d138e48
promillage 0 402.049988 3d137b70
promillage 0 403.000000 3d120560
promillage 0 403.049988 3d11f158
promillage 0 404.000000 3d1077e0
promillage 0 404.049988 3d106488
promillage 0 405.000000 3d0ee660
promillage 0 405.049988 3d0ed402
promillage 0 406.000000 3d0d6270
promillage 0 406.049988 3d0d4e08
promillage 0 407.000000 3d0bd8b0
promillage 0 407.049988 3d0bc476
promillage 0 408.000000 3d0a4650
promillage 0 408.049988 3d0a31b0
promillage 0 409.000000 3d08ba60
promillage 0 409.049988 3d08a5f0
promillage 0 410.000000 3d0734cc
promillage 0 410.049988 3d07207c
promillage 0 411.000000 3d05a750
promillage 0 411.049988 3d059350
promillage 0 412.000000 3d041910
promillage 0 412.049988 3d04056c
promillage 0 413.000000 3d028f40
promillage 0 413.049988 3d027c50
promillage 0 414.000000 3d01096a
promillage 0 414.049988 3d00f5c9
promillage 0 415.000000 3cfefb10
promillage 0 415.049988 3cfed23f
promillage 0 416.000000 3cfbd780
promillage 0 416.049988 3cfbaf26
promillage 0 417.000000 3cf8c7d0
promillage 0 417.049988 3cf8a1b8
promillage 0 418.000000 3cf5b020
promillage 0 418.049988 3cf587d0
promillage 0 419.000000 3cf2a3ac
promillage 0 419.049988 3cf27eb4
promillage 0 420.000000 3cef9ef0
promillage 0 420.049988 3cef7680
promillage 0 421.000000 3cec8d80
promillage 0 421.049988 3cec6800
promillage 0 422.000000 3ce976dc
promillage 0 422.049988 3ce94f46
promillage 0 423.000000 3ce66d3e
promillage 0 423.049988 3ce646f7
promillage 0 424.000000 3ce365a8
promillage 0 424.049988 3ce33f74
promillage 0 425.000000 3ce063c8
promillage 0 425.049988 3ce03f67
promillage 0 426.000000 3cdd5220
promillage 0 426.049988 3cdd2b86
promillage 0 427.000000 3cda48b4
promillage 0 427.049988 3cda22bc
promillage 0 428.000000 3cd739b8
promillage 0 428.049988 3cd7137c
promillage 0 429.000000 3cd4282c
promillage 0 429.049988 3cd40276
promillage 0 430.000000 3cd11660
promillage 0 430.049988 3cd0ef62
promillage 0 431.000000 3cce0f40
promillage 0 431.049988 3ccdead0
promillage 0 432.000000 3ccb09c0
promillage 0 432.049988 3ccae410
promillage 0 433.000000 3cc80680
promillage 0 433.049988 3cc7df60
promillage 0 434.000000 3cc509b8
promillage 0 434.049988 3cc4e1b0
promillage 0 435.000000 3cc20e20
promillage 0 435.049988 3cc1e774
promillage 0 436.000000 3cbf0620
promillage 0 436.049988 3cbedd10
promillage 0 437.000000 3cbbfcf9
promillage 0 437.049988 3cbbd4be
promillage 0 438.000000 3cb8ef2c
promillage 0 438.049988 3cb8c926
promillage 0 439.000000 3cb5ed40
promillage 0 439.049988 3cb5c760
promillage 0 440.000000 3cb2e3e0
promillage 0 440.049988 3cb2bd18
promillage 0 441.000000 3cafe150
promillage 0 441.049988 3cafbd20
promillage 0 442.000000 3cacef20
promillage 0 442.049988 3cacc650
promillage 0 443.000000 3ca9ed30
promillage 0 443.049988 3ca9c76b
promillage 0 444.000000 3ca6f2c0
promillage 0 444.049988 3ca6cd28
promillage 0 445.000000 3ca40010
promillage 0 445.049988 3ca3d9a8
promillage 0 446.000000 3ca10c48
promillage 0 446.049988 3ca0e684
promillage 0 447.000000 3c9e118d
promillage 0 447.049988 3c9deb56
promillage 0 448.000000 3c9b1890
promillage 0 448.049988 3c9af2ca
promillage 0 449.000000 3c981890
promillage 0 449.049988 3c97f118
promillage 0 450.000000 3c952752
promillage 0 450.049988 3c950155
promillage 0 451.000000 3c922c00
promillage 0 451.049988 3c9207a0
promillage 0 452.000000 3c8f3c00
promillage 0 452.049988 3c8f1718
promillage 0 453.000000 3c8c3fcc
promillage 0 453.049988 3c8c1a86
promillage 0 454.000000 3c895224
promillage 0 454.049988 3c892c12
promillage 0 455.000000 3c8666ca
promillage 0 455.049988 3c864318
promillage 0 456.000000 3c83776c
promillage 0 456.049988 3c835326
promillage 0 457.000000 3c8083d0
promillage 0 457.049988 3c805d48
promillage 0 458.000000 3c7b1580
promillage 0 458.049988 3c7accf8
promillage 0 459.000000 3c7541e4
promillage 0 459.049988 3c74f61a
promillage 0 460.000000 3c6f4b78
promillage 0 460.049988 3c6f004c
promillage 0 461.000000 3c696ef0
promillage 0 461.049988 3c6923a8
promillage 0 462.000000 3c6391c0
promillage 0 462.049988 3c6347c8
promillage 0 463.000000 3c5db600
promillage 0 463.049988 3c5d69d0
promillage 0 464.000000 3c57d900
promillage 0 464.049988 3c5791b0
promillage 0 465.000000 3c51ebc0
promillage 0 465.049988 3c51a45c
promillage 0 466.000000 3c4c0584
promillage 0 466.049988 3c4bb872
promillage 0 467.000000 3c461ed0
promillage 0 467.049988 3c45d77e
promillage 0 468.000000 3c406060
promillage 0 468.049988 3c4019f0
promillage 0 469.000000 3c3a9080
promillage 0 469.049988 3c3a4540
promillage 0 470.000000 3c34ba7e
promillage 0 470.049988 3c346fef
promillage 0 471.000000 3c2ef780
promillage 0 471.049988 3c2eb0e6
promillage 0 472.000000 3c290b80
promillage 0 472.049988 3c28bb98
promillage 0 473.000000 3c233250
promillage 0 473.049988 3c22eb48
promillage 0 474.000000 3c1d5280
promillage 0 474.049988 3c1d0a50
promillage 0 475.000000 3c178060
promillage 0 475.049988 3c1734c0
promillage 0 476.000000 3c11cb98
promillage 0 476.049988 3c1181bc
promillage 0 477.000000 3c0c1090
promillage 0 477.049988 3c0bcc28
promillage 0 478.000000 3c065f40
promillage 0 478.049988 3c061360
promillage 0 479.000000 3c00800c
promillage 0 479.049988 3c003706
promillage 0 480.000000 3bf557c0
promillage 0 480.049988 3bf4c3a0
promillage 0 481.000000 3be9cb80
promillage 0 481.049988 3be93ac0
promillage 0 482.000000 3bde62e0
promillage 0 482.049988 3bddc8d0
promillage 0 483.000000 3bd2fe80
promillage 0 483.049988 3bd26720
promillage 0 484.000000 3bc76400
promillage 0 484.049988 3bc6cfe4
promillage 0 485.000000 3bbbbb60
promillage 0 485.049988 3bbb1f30
promillage 0 486.000000 3bb01040
promillage 0 486.049988 3baf7550
promillage 0 487.000000 3ba4a040
promillage 0 487.049988 3ba40bf8
promillage 0 488.000000 3b9907e0
promillage 0 488.049988 3b987310
promillage 0 489.000000 3b8d6a90
promillage 0 489.049988 3b8cd8a8
promillage 0 490.000000 3b820c00
promillage 0 490.049988 3b8175e0
promillage 0 491.000000 3b6d3d00
promillage 0 491.049988 3b6c0a80
promillage 0 492.000000 3b562600
promillage 0 492.049988 3b550258
promillage 0 493.000000 3b3fb4e0
promillage 0 493.049988 3b3e97b0
promillage 0 494.000000 3b28da40
promillage 0 494.049988 3b27b580
promillage 0 495.000000 3b11d64c
promillage 0 495.049988 3b10a646
promillage 0 496.000000 3af61e80
promillage 0 496.049988 3af3f000
promillage 0 497.000000 3ac8f880
promillage 0 497.049988 3ac69da0
promillage 0 498.000000 3a9b9800
promillage 0 498.049988 3a998060
promillage 0 499.000000 3a5e2800
promillage 0 499.049988 3a59a800
promillage 0 500.000000 3a047c00
promillage 0 500.049988 39ffdc00
promillage 0 501.000000 392c9000
promillage 0 501.049988 391a4000
promillage 0 502.000000 b9387000
promillage 0 502.049988 b94a2700
promillage 0 503.000000 ba07d400
promillage 0 503.049988 ba0c9200
promillage 0 504.000000 ba621c00
promillage 0 504.049988 ba669200
promillage 0 505.000000 ba9ec800
promillage 0 505.049988 baa12840
promillage 0 506.000000 bacc3000
promillage 0 506.049988 bace6800
promillage 0 507.000000 baf9b600
promillage 0 507.049988 bafc1280
promillage 0 508.000000 bb13c420
promillage 0 508.049988 bb14d810
promillage 0 509.000000 bb2af550
promillage 0 509.049988 bb2c2528
promillage 0 510.000000 bb41f800
promillage 0 510.049988 bb432080
promillage 0 511.000000 bb590ac0
promillage 0 511.049988 bb5a3870
promillage 0 512.000000 bb705500
promillage 0 512.049988 bb718940
promillage 0 513.000000 bb83d814
promillage 0 513.049988 bb84678a
promillage 0 514.000000 bb8f4540
promillage 0 514.049988 bb8fd140
promillage 0 515.000000 bb9ac000
promillage 0 515.049988 bb9b53c0
promillage 0 516.000000 bba64460
promillage 0 516.049988 bba6d4e0
promillage 0 517.000000 bbb1c0d0
promillage 0 517.049988 bbb25628
promillage 0 518.000000 bbbd3900
promillage 0 518.049988 bbbdd030
promillage 0 519.000000 bbc8aa80
promillage 0 519.049988 bbc94760
promillage 0 520.000000 bbd47240
promillage 0 520.049988 bbd50800
promillage 0 521.000000 bbdfe6c0
promillage 0 521.049988 bbe07450
promillage 0 522.000000 bbeb5080
promillage 0 522.049988 bbebe1e0
promillage 0 523.000000 bbf6b200
promillage 0 523.049988 bbf74bc0
promillage 0 524.000000 bc013d40
promillage 0 524.049988 bc018580
promillage 0 525.000000 bc06fd68
promillage 0 525.049988 bc0745e8
promillage 0 526.000000 bc0cba50
promillage 0 526.049988 bc0d0408
promillage 0 527.000000 bc1290d8
promillage 0 527.049988 bc12ddcc
promillage 0 528.000000 bc183b40
promillage 0 528.049988 bc1884c0
promillage 0 529.000000 bc1df660
promillage 0 529.049988 bc1e4280
promillage 0 530.000000 bc23cd60
promillage 0 530.049988 bc2418a8
promillage 0 531.000000 bc29b258
promillage 0 531.049988 bc29fbcc
promillage 0 532.000000 bc2f72c8
promillage 0 532.049988 bc2fbb74
promillage 0 533.000000 bc353b00
promillage 0 533.049988 bc3587ec
promillage 0 534.000000 bc3b16e0
promillage 0 534.049988 bc3b61b0
promillage 0 535.000000 bc40e1bc
promillage 0 535.049988 bc412b4e
promillage 0 536.000000 bc46c950
promillage 0 536.049988 bc471328
promillage 0 537.000000 bc4cb7fa
promillage 0 537.049988 bc4d05c9
promillage 0 538.000000 bc52b830
promillage 0 538.049988 bc5305e6
promillage 0 539.000000 bc58aa60
promillage 0 539.049988 bc58f444
promillage 0 540.000000 bc5e9c00
promillage 0 540.049988 bc5ee960
promillage 0 541.000000 bc6486b0
promillage 0 541.049988 bc64d2f8
promillage 0 542.000000 bc6a58c0
promillage 0 542.049988 bc6aa1e0
promillage 0 543.000000 bc703fe0
promillage 0 543.049988 bc708d18
promillage 0 544.000000 bc760980
promillage 0 544.049988 bc765640
promillage 0 545.000000 bc7becc0
promillage 0 545.049988 bc7c3460
promillage 0 546.000000 bc80f2a0
promillage 0 546.049988 bc811940
promillage 0 547.000000 bc83f018
promillage 0 547.049988 bc841607
promillage 0 548.000000 bc86e520
promillage 0 548.049988 bc870bc4
promillage 0 549.000000 bc89d558
promillage 0 549.049988 bc89fbcc
promillage 0 550.000000 bc8cd220
promillage 0 550.049988 bc8cf830
promillage 0 551.000000 bc8fd4d8
promillage 0 551.049988 bc8ffa5c
promillage 0 552.000000 bc92cb24
promillage 0 552.049988 bc92f012
promillage 0 553.000000 bc95cbd0
promillage 0 553.049988 bc95f0dc
promillage 0 554.000000 bc98d2d0
promillage 0 554.049988 bc98f868
promillage 0 555.000000 bc9bca50
promillage 0 555.049988 bc9bf1ac
promillage 0 556.000000 bc9ec948
promillage 0 556.049988 bc9ef14c
promillage 0 557.000000 bca1d400
promillage 0 557.049988 bca1fa90
promillage 0 558.000000 bca4d2a0
promillage 0 558.049988 bca4fbca
promillage 0 559.000000 bca7d3a0
promillage 0 559.049988 bca7fa78
promillage 0 560.000000 bcaadac0
promillage 0 560.049988 bcab005c
promillage 0 561.000000 bcadded0
promillage 0 561.049988 bcae03a8
promillage 0 562.000000 bcb0d860
promillage 0 562.049988 bcb0fe68
promillage 0 563.000000 bcb3d740
promillage 0 563.049988 bcb3fe58
promillage 0 564.000000 bcb6d090
promillage 0 564.049988 bcb6f637
promillage 0 565.000000 bcb9d970
promillage 0 565.049988 bcba0038
promillage 0 566.000000 bcbce088
promillage 0 566.049988 bcbd07c4
promillage 0 567.000000 bcbfe310
promillage 0 567.049988 bcc00840
promillage 0 568.000000 bcc2e140
promillage 0 568.049988 bcc3070b
promillage 0 569.000000 bcc5dc20
promillage 0 569.049988 bcc603d0
promillage 0 570.000000 bcc8e6d0
promillage 0 570.049988 bcc91168
promillage 0 571.000000 bccbe598
promillage 0 571.049988 bccc0bd2
promillage 0 572.000000 bccef4d8
promillage 0 572.049988 bccf1c94
promillage 0 573.000000 bcd208c0
promillage 0 573.049988 bcd22f0c
promillage 0 574.000000 bcd51bc0
promillage 0 574.049988 bcd544a0
promillage 0 575.000000 bcd82dc0
promillage 0 575.049988 bcd854a0
promillage 0 576.000000 bcdb3c50
promillage 0 576.049988 bcdb6168
promillage 0 577.000000 bcde5090
promillage 0 577.049988 bcde7938
promillage 0 578.000000 bce16027
promillage 0 578.049988 bce18718
promillage 0 579.000000 bce46d00
promillage 0 579.049988 bce493b7
promillage 0 580.000000 bce78940
promillage 0 580.049988 bce7b354
promillage 0 581.000000 bceaa230
promillage 0 581.049988 bceac830
promillage 0 582.000000 bcedacf8
promillage 0 582.049988 bcedd39f
promillage 0 583.000000 bcf0c060
promillage 0 583.049988 bcf0e820
promillage 0 584.000000 bcf3d520
promillage 0 584.049988 bcf3fbb0
promillage 0 585.000000 bcf6da60
promillage 0 585.049988 bcf700b0
promillage 0 586.000000 bcf9ed88
promillage 0 586.049988 bcfa140c
promillage 0 587.000000 bcfd0340
promillage 0 587.049988 bcfd2988
promillage 0 588.000000 bd000af0
promillage 0 588.049988 bd001e6e
promillage 0 589.000000 bd019bb6
promillage 0 589.049988 bd01af39
promillage 0 590.000000 bd032a60
promillage 0 590.049988 bd033df0
promillage 0 591.000000 bd04b8c9
promillage 0 591.049988 bd04cbb0
promillage 0 592.000000 bd064500
promillage 0 592.049988 bd0658d4
promillage 0 593.000000 bd07d1b8
promillage 0 593.049988 bd07e4ec
promillage 0 594.000000 bd0961a2
promillage 0 594.049988 bd097551
promillage 0 595.000000 bd0aeda0
promillage 0 595.049988 bd0b01d2
promillage 0 596.000000 bd0c7b28
promillage 0 596.049988 bd0c8faa
promillage 0 597.000000 bd0e0660
promillage 0 597.049988 bd0e1aac
promillage 0 598.000000 bd0f96ec
promillage 0 598.049988 bd0fab76
promillage 0 599.000000 bd112120
promillage 0 599.049988 bd1134b8
promillage 0 600.000000 bd12b316
promillage 0 600.049988 bd12c695
promillage 0 601.000000 bd144088
promillage 0 601.049988 bd145424
promillage 0 602.000000 bd15d780
promillage 0 602.049988 bd15eb64
promillage 0 603.000000 bd176828
promillage 0 603.049988 bd177b94
promillage 0 604.000000 bd190200
promillage 0 604.049988 bd191634
promillage 0 605.000000 bd1a9440
promillage 0 605.049988 bd1aa886
promillage 0 606.000000 bd1c2af0
promillage 0 606.049988 bd1c3e64
promillage 0 607.000000 bd1dbf60
promillage 0 607.049988 bd1dd3e2
promillage 0 608.000000 bd1f4e60
promillage 0 608.049988 bd1f6260
promillage 0 609.000000 bd20e156
promillage 0 609.049988 bd20f52a
promillage 0 610.000000 bd227884
promillage 0 610.049988 bd228c52
promillage 0 611.000000 bd240bf0
promillage 0 611.049988 bd242088
promillage 0 612.000000 bd25a020
promillage 0 612.049988 bd25b500
promillage 0 613.000000 bd2735c0
promillage 0 613.049988 bd274990
promillage 0 614.000000 bd28cae0
promillage 0 614.049988 bd28de60
promillage 0 615.000000 bd2a5c20
promillage 0 615.049988 bd2a7048
promillage 0 616.000000 bd2bf60e
promillage 0 616.049988 bd2c09f3
promillage 0 617.000000 bd2d8d0a
promillage 0 617.049988 bd2da1b5
promillage 0 618.000000 bd2f2480
promillage 0 618.049988 bd2f39d0
promillage 0 619.000000 bd30b9ce
promillage 0 619.049988 bd30cde7
promillage 0 620.000000 bd325228
promillage 0 620.049988 bd3266fc
promillage 0 621.000000 bd33ea71
promillage 0 621.049988 bd33ff0c
promillage 0 622.000000 bd358308
promillage 0 622.049988 bd3597a1
promillage 0 623.000000 bd3717a0
promillage 0 623.049988 bd372bcc
promillage 0 624.000000 bd38b070
promillage 0 624.049988 bd38c52c
promillage 0 625.000000 bd3a46a0
promillage 0 625.049988 bd3a5d0e
promillage 0 626.000000 bd3be330
promillage 0 626.049988 bd3bf72c
promillage 0 627.000000 bd3d7a70
promillage 0 627.049988 bd3d8f3a
promillage 0 628.000000 bd3f15c0
promillage 0 628.049988 bd3f2aa0
promillage 0 629.000000 bd40b018
promillage 0 629.049988 bd40c476
promillage 0 630.000000 bd424e30
promillage 0 630.049988 bd426248
promillage 0 631.000000 bd43e500
promillage 0 631.049988 bd43f9b0
promillage 0 632.000000 bd4585e0
promillage 0 632.049988 bd459a48
promillage 0 633.000000 bd472a40
promillage 0 633.049988 bd473f74
promillage 0 634.000000 bd48ca30
promillage 0 634.049988 bd48df68
promillage 0 635.000000 bd4a7400
promillage 0 635.049988 bd4a8a1a
promillage 0 636.000000 bd4c1545
promillage 0 636.049988 bd4c29c4
promillage 0 637.000000 bd4db8e0
promillage 0 637.049988 bd4dce22
promillage 0 638.000000 bd4f5a20
promillage 0 638.049988 bd4f6e58
promillage 0 639.000000 bd50fe3a
promillage 0 639.049988 bd5112dd
promillage 0 640.000000 bd529e34
promillage 0 640.049988 bd52b1b4
promillage 0 641.000000 bd544300
promillage 0 641.049988 bd5457b0
promillage 0 642.000000 bd55ea40
promillage 0 642.049988 bd55ff10
promillage 0 643.000000 bd578a50
promillage 0 643.049988 bd579eb4
promillage 0 644.000000 bd592bf4
promillage 0 644.049988 bd5940f2
promillage 0 645.000000 bd5ac728
promillage 0 645.049988 bd5adcb4
promillage 0 646.000000 bd5c6d8a
promillage 0 646.049988 bd5c822d
promillage 0 647.000000 bd5e10c0
promillage 0 647.049988 bd5e24c0
promillage 0 648.000000 bd5fb420
promillage 0 648.049988 bd5fc970
promillage 0 649.000000 bd61662e
promillage 0 649.049988 bd617ab7
promillage 0 650.000000 bd63109c
promillage 0 650.049988 bd632687
promillage 0 651.000000 bd64b800
promillage 0 651.049988 bd64cc70
promillage 0 652.000000 bd666120
promillage 0 652.049988 bd667620
promillage 0 653.000000 bd6805f8
promillage 0 653.049988 bd681af8
promillage 0 654.000000 bd69a878
promillage 0 654.049988 bd69bd5c
promillage 0 655.000000 bd6b4b72
promillage 0 655.049988 bd6b611f
promillage 0 656.000000 bd6cf2ee
promillage 0 656.049988 bd6d08d7
promillage 0 657.000000 bd6e9b5c
promillage 0 657.049988 bd6eb0ee
promillage 0 658.000000 bd70438c
promillage 0 658.049988 bd705808
promillage 0 659.000000 bd71eec8
promillage 0 659.049988 bd72036c
promillage 0 660.000000 bd7399d0
promillage 0 660.049988 bd73afd0
promillage 0 661.000000 bd754110
promillage 0 661.049988 bd755608
promillage 0 662.000000 bd76e820
promillage 0 662.049988 bd76fce8
promillage 0 663.000000 bd7890ce
promillage 0 663.049988 bd78a511
promillage 0 664.000000 bd7a3ae8
promillage 0 664.049988 bd7a4f3e
promillage 0 665.000000 bd7be5a8
promillage 0 665.049988 bd7bfb50
promillage 0 666.000000 bd7d9251
promillage 0 666.049988 bd7da81e
promillage 0 667.000000 bd7f3fe0
promillage 0 667.049988 bd7f56a0
promillage 0 668.000000 bd80783c
promillage 0 668.049988 bd808348
promillage 0 669.000000 bd814f10
promillage 0 669.049988 bd81595b
promillage 0 670.000000 bd822270
promillage 0 670.049988 bd822de4
promillage 0 671.000000 bd82fc58
promillage 0 671.049988 bd830670
promillage 0 672.000000 bd83d0b8
promillage 0 672.049988 bd83db01
promillage 0 673.000000 bd84a995
promillage 0 673.049988 bd84b510
promillage 0 674.000000 bd858230
promillage 0 674.049988 bd858cc8
promillage 0 675.000000 bd865dc0
promillage 0 675.049988 bd8668d9
promillage 0 676.000000 bd8736f0
promillage 0 676.049988 bd874154
promillage 0 677.000000 bd881018
promillage 0 677.049988 bd881abd
promillage 0 678.000000 bd88e778
promillage 0 678.049988 bd88f1d8
promillage 0 679.000000 bd89bddc
promillage 0 679.049988 bd89c82e
promillage 0 680.000000 bd8a9758
promillage 0 680.049988 bd8aa236
promillage 0 681.000000 bd8b72d6
promillage 0 681.049988 bd8b7d90
promillage 0 682.000000 bd8c48f4
promillage 0 682.049988 bd8c53c7
promillage 0 683.000000 bd8d20dc
promillage 0 683.049988 bd8d2ac2
promillage 0 684.000000 bd8dfd50
promillage 0 684.049988 bd8e0816
promillage 0 685.000000 bd8ed732
promillage 0 685.049988 bd8ee269
promillage 0 686.000000 bd8fb312
promillage 0 686.049988 bd8fbe24
promillage 0 687.000000 bd908b2e
promillage 0 687.049988 bd909579
promillage 0 688.000000 bd91666a
promillage 0 688.049988 bd9170ee
promillage 0 689.000000 bd9240d0
promillage 0 689.049988 bd924b7f
promillage 0 690.000000 bd931b40
promillage 0 690.049988 bd93267b
promillage 0 691.000000 bd93f6b4
promillage 0 691.049988 bd940162
promillage 0 692.000000 bd94d40c
promillage 0 692.049988 bd94de66
promillage 0 693.000000 bd95ad34
promillage 0 693.049988 bd95b81a
promillage 0 694.000000 bd968bdc
promillage 0 694.049988 bd969722
promillage 0 695.000000 bd976960
promillage 0 695.049988 bd97749c
promillage 0 696.000000 bd984a68
promillage 0 696.049988 bd9855b0
promillage 0 697.000000 bd992a34
promillage 0 697.049988 bd993504
promillage 0 698.000000 bd9a0980
promillage 0 698.049988 bd9a14a7
promillage 0 699.000000 bd9ae407
promillage 0 699.049988 bd9aeedc
promillage 0 700.000000 bd9bc358
promillage 0 700.049988 bd9bcdc5
promillage 0 701.000000 bd9ca062
promillage 0 701.049988 bd9cabbd
promillage 0 702.000000 bd9d7da0
promillage 0 702.049988 bd9d88aa
promillage 0 703.000000 bd9e5dd6
promillage 0 703.049988 bd9e693e
promillage 0 704.000000 bd9f3b40
promillage 0 704.049988 bd9f46c0
promillage 0 705.000000 bda01d58
promillage 0 705.049988 bda02836
promillage 0 706.000000 bda0fb3c
promillage 0 706.049988 bda105ff
promillage 0 707.000000 bda1d70c
promillage 0 707.049988 bda1e2a5
promillage 0 708.000000 bda2b93d
promillage 0 708.049988 bda2c4e2
promillage 0 709.000000 bda396c2
promillage 0 709.049988 bda3a260
promillage 0 710.000000 bda47536
promillage 0 710.049988 bda480cf
promillage 0 711.000000 bda55520
promillage 0 711.049988 bda560b0
promillage 0 712.000000 bda63604
promillage 0 712.049988 bda64102
promillage 0 713.000000 bda71758
promillage 0 713.049988 bda72284
promillage 0 714.000000 bda7fc4c
promillage 0 714.049988 bda806fd
promillage 0 715.000000 bda8dff0
promillage 0 715.049988 bda8eb90
promillage 0 716.000000 bda9c7f0
promillage 0 716.049988 bda9d2b8
promillage 0 717.000000 bdaaa8ac
promillage 0 717.049988 bdaab43c
promillage 0 718.000000 bdab8b38
promillage 0 718.049988 bdab96c3
promillage 0 719.000000 bdac6bfc
promillage 0 719.049988 bdac77b2
promillage 0 720.000000 bdad4d70
promillage 0 720.049988 bdad5807
promillage 0 721.000000 bdae2a48
promillage 0 721.049988 bdae3583
promillage 0 722.000000 bdaf0f18
promillage 0 722.049988 bdaf1a98
promillage 0 723.000000 bdaff6c0
promillage 0 723.049988 bdb0026c
promillage 0 724.000000 bdb0d970
promillage 0 724.049988 bdb0e524
promillage 0 725.000000 bdb1bf2c
promillage 0 725.049988 bdb1cb12
promillage 0 726.000000 bdb2a4b8
promillage 0 726.049988 bdb2b020
promillage 0 727.000000 bdb3899b
promillage 0 727.049988 bdb394ce
promillage 0 728.000000 bdb46ea8
promillage 0 728.049988 bdb47986
promillage 0 729.000000 bdb55580
promillage 0 729.049988 bdb5605c
promillage 0 730.000000 bdb63828
promillage 0 730.049988 bdb6433a
promillage 0 731.000000 bdb7195c
promillage 0 731.049988 bdb72516
promillage 0 732.000000 bdb8000a
promillage 0 732.049988 bdb80b8d
promillage 0 733.000000 bdb8e6a0
promillage 0 733.049988 bdb8f288
promillage 0 734.000000 bdb9cf94
promillage 0 734.049988 bdb9dac2
promillage 0 735.000000 bdbab772
promillage 0 735.049988 bdbac2dd
promillage 0 736.000000 bdbb9ecc
promillage 0 736.049988 bdbbaa26
promillage 0 737.000000 bdbc881c
promillage 0 737.049988 bdbc93de
promillage 0 738.000000 bdbd6e20
promillage 0 738.049988 bdbd7950
promillage 0 739.000000 bdbe57fa
promillage 0 739.049988 bdbe6364
promillage 0 740.000000 bdbf3bf1
promillage 0 740.049988 bdbf4758
promillage 0 741.000000 bdc021b8
promillage 0 741.049988 bdc02cfe
promillage 0 742.000000 bdc109d0
promillage 0 742.049988 bdc11550
promillage 0 743.000000 bdc1f4d6
promillage 0 743.049988 bdc200c4
promillage 0 744.000000 bdc2dd90
promillage 0 744.049988 bdc2e97c
promillage 0 745.000000 bdc3c810
promillage 0 745.049988 bdc3d3f2
promillage 0 746.000000 bdc4b090
promillage 0 746.049988 bdc4bc48
promillage 0 747.000000 bdc59f0e
promillage 0 747.049988 bdc5aad6
promillage 0 748.000000 bdc68db8
promillage 0 748.049988 bdc699b4
promillage 0 749.000000 bdc779cc
promillage 0 749.049988 bdc78549
promillage 0 750.000000 bdc865f0
promillage 0 750.049988 bdc87160
promillage 0 751.000000 bdc95178
promillage 0 751.049988 bdc95ce2
promillage 0 752.000000 bdca3d80
promillage 0 752.049988 bdca4924
promillage 0 753.000000 bdcb2b00
promillage 0 753.049988 bdcb3728
promillage 0 754.000000 bdcc19a0
promillage 0 754.049988 bdcc2670
promillage 0 755.000000 bdcd0ae4
promillage 0 755.049988 bdcd1716
promillage 0 756.000000 bdcdf820
promillage 0 756.049988 bdce0408
promillage 0 757.000000 bdcee638
promillage 0 757.049988 bdcef1c6
promillage 0 758.000000 bdcfd5b0
promillage 0 758.049988 bdcfe12f
promillage 0 759.000000 bdd0c404
promillage 0 759.049988 bdd0cfdc
promillage 0 760.000000 bdd1b4ae
promillage 0 760.049988 bdd1bfbf
promillage 0 761.000000 bdd29d30
promillage 0 761.049988 bdd2a900
promillage 0 762.000000 bdd38e88
promillage 0 762.049988 bdd39b07
promillage 0 763.000000 bdd47c90
promillage 0 763.049988 bdd48848
promillage 0 764.000000 bdd56f8c
promillage 0 764.049988 bdd57baf
promillage 0 765.000000 bdd65e80
promillage 0 765.049988 bdd66a40
promillage 0 766.000000 bdd748cf
promillage 0 766.049988 bdd75538
promillage 0 767.000000 bdd83832
promillage 0 767.049988 bdd84459
promillage 0 768.000000 bdd929d8
promillage 0 768.049988 bdd936cc
promillage 0 769.000000 bdda1f0c
promillage 0 769.049988 bdda2b0e
promillage 0 770.000000 bddb13b0
promillage 0 770.049988 bddb1ea1
promillage 0 771.000000 bddc03d0
promillage 0 771.049988 bddc0fb8
promillage 0 772.000000 bddcf636
promillage 0 772.049988 bddd0243
promillage 0 773.000000 bddde7d4
promillage 0 773.049988 bdddf41a
promillage 0 774.000000 bddedc00
promillage 0 774.049988 bddee806
promillage 0 775.000000 bddfd030
promillage 0 775.049988 bddfdc9b
promillage 0 776.000000 bde0c3b4
promillage 0 776.049988 bde0cf6b
promillage 0 777.000000 bde1b8bc
promillage 0 777.049988 bde1c50c
promillage 0 778.000000 bde2ae08
promillage 0 778.049988 bde2ba94
promillage 0 779.000000 bde3a3e4
promillage 0 779.049988 bde3aff2
promillage 0 780.000000 bde499f0
promillage 0 780.049988 bde4a6cc
promillage 0 781.000000 bde594d1
promillage 0 781.049988 bde5a1bc
promillage 0 782.000000 bde68748
promillage 0 782.049988 bde693ec
promillage 0 783.000000 bde77d6a
promillage 0 783.049988 bde78a48
promillage 0 784.000000 bde87661
promillage 0 784.049988 bde88290
promillage 0 785.000000 bde96c50
promillage 0 785.049988 bde97900
promillage 0 786.000000 bdea65e0
promillage 0 786.049988 bdea7278
promillage 0 787.000000 bdeb6118
promillage 0 787.049988 bdeb6d60
promillage 0 788.000000 bdec5744
promillage 0 788.049988 bdec642a
promillage 0 789.000000 bded51cc
promillage 0 789.049988 bded5de6
promillage 0 790.000000 bdee4bb0
promillage 0 790.049988 bdee5830
promillage 0 791.000000 bdef43f8
promillage 0 791.049988 bdef5044
promillage 0 792.000000 bdf03bc0
promillage 0 792.049988 bdf04820
promillage 0 793.000000 bdf13800
promillage 0 793.049988 bdf14501
promillage 0 794.000000 bdf233e0
promillage 0 794.049988 bdf24086
promillage 0 795.000000 bdf33178
promillage 0 795.049988 bdf33e8c
promillage 0 796.000000 bdf43178
promillage 0 796.049988 bdf43d9e
promillage 0 797.000000 bdf532f4
promillage 0 797.049988 bdf53f9a
promillage 0 798.000000 bdf632e0
promillage 0 798.049988 bdf63f93
promillage 0 799.000000 bdf730a0
promillage 0 799.049988 bdf73d26
promillage 0 800.000000 bdf82ff4
promillage 0 800.049988 bdf83d1f
promillage 0 801.000000 bdf92de0
promillage 0 801.049988 bdf93a86
promillage 0 802.000000 bdfa30d0
promillage 0 802.049988 bdfa3d80
promillage 0 803.000000 bdfb2ec8
promillage 0 803.049988 bdfb3bc2
promillage 0 804.000000 bdfc3500
promillage 0 804.049988 bdfc4230
promillage 0 805.000000 bdfd3328
promillage 0 805.049988 bdfd3ff0
promillage 0 806.000000 bdfe34b0
promillage 0 806.049988 bdfe40a4
promillage 0 807.000000 bdff3480
promillage 0 807.049988 bdff4120
promillage 0 808.000000 be001ba2
promillage 0 808.049988 be0021b3
promillage 0 809.000000 be009bb4
promillage 0 809.049988 be00a246
promillage 0 810.000000 be011e29
promillage 0 810.049988 be01249e
promillage 0 811.000000 be019f66
promillage 0 811.049988 be01a5bf
promillage 0 812.000000 be021fde
promillage 0 812.049988 be022677
promillage 0 813.000000 be02a566
promillage 0 813.049988 be02abd1
promillage 0 814.000000 be0329f2
promillage 0 814.049988 be03307a
promillage 0 815.000000 be03af30
promillage 0 815.049988 be03b5b5
promillage 0 816.000000 be043484
promillage 0 816.049988 be043b24
promillage 0 817.000000 be04ba70
promillage 0 817.049988 be04c11d
promillage 0 818.000000 be053e22
promillage 0 818.049988 be0544ed
promillage 0 819.000000 be05c288
promillage 0 819.049988 be05c90c
promillage 0 820.000000 be06485a
promillage 0 820.049988 be064f64
promillage 0 821.000000 be06d0d8
promillage 0 821.049988 be06d7d4
promillage 0 822.000000 be07574a
promillage 0 822.049988 be075e09
promillage 0 823.000000 be07dd3b
promillage 0 823.049988 be07e3c6
promillage 0 824.000000 be086270
promillage 0 824.049988 be086929
promillage 0 825.000000 be08e82a
promillage 0 825.049988 be08eebd
promillage 0 826.000000 be096eb0
promillage 0 826.049988 be0975ac
promillage 0 827.000000 be09f90e
promillage 0 827.049988 be09ffef
promillage 0 828.000000 be0a8334
promillage 0 828.049988 be0a89f1
promillage 0 829.000000 be0b0bfb
promillage 0 829.049988 be0b130a
promillage 0 830.000000 be0b9718
promillage 0 830.049988 be0b9df2
promillage 0 831.000000 be0c2188
promillage 0 831.049988 be0c284f
promillage 0 832.000000 be0cac61
promillage 0 832.049988 be0cb365
promillage 0 833.000000 be0d37ac
promillage 0 833.049988 be0d3eda
promillage 0 834.000000 be0dc2a2
promillage 0 834.049988 be0dca0d
promillage 0 835.000000 be0e4eb6
promillage 0 835.049988 be0e55bb
promillage 0 836.000000 be0edaf8
promillage 0 836.049988 be0ee1bb
promillage 0 837.000000 be0f66ef
promillage 0 837.049988 be0f6e5a
promillage 0 838.000000 be0ff474
promillage 0 838.049988 be0ffb87
promillage 0 839.000000 be1081d7
promillage 0 839.049988 be10891c
promillage 0 840.000000 be111194
promillage 0 840.049988 be111898
promillage 0 841.000000 be119de2
promillage 0 841.049988 be11a4d1
promillage 0 842.000000 be122b1e
promillage 0 842.049988 be123281
promillage 0 843.000000 be12b976
promillage 0 843.049988 be12c08b
promillage 0 844.000000 be1348d8
promillage 0 844.049988 be13504f
promillage 0 845.000000 be13dcdc
promillage 0 845.049988 be13e4aa
promillage 0 846.000000 be146fda
promillage 0 846.049988 be147727
promillage 0 847.000000 be150254
promillage 0 847.049988 be1509ca
promillage 0 848.000000 be159424
promillage 0 848.049988 be159b0a
promillage 0 849.000000 be162444
promillage 0 849.049988 be162bc9
promillage 0 850.000000 be16b876
promillage 0 850.049988 be16c06b
promillage 0 851.000000 be174c12
promillage 0 851.049988 be175347
promillage 0 852.000000 be17e212
promillage 0 852.049988 be17e9a1
promillage 0 853.000000 be187670
promillage 0 853.049988 be187e4e
promillage 0 854.000000 be190a1f
promillage 0 854.049988 be1911f4
promillage 0 855.000000 be199f50
promillage 0 855.049988 be19a6a3
promillage 0 856.000000 be1a3560
promillage 0 856.049988 be1a3d20
promillage 0 857.000000 be1acd08
promillage 0 857.049988 be1ad4a2
promillage 0 858.000000 be1b64cd
promillage 0 858.049988 be1b6cc0
promillage 0 859.000000 be1bfedc
promillage 0 859.049988 be1c069e
promillage 0 860.000000 be1c98e8
promillage 0 860.049988 be1ca01c
promillage 0 861.000000 be1d31bc
promillage 0 861.049988 be1d395c
promillage 0 862.000000 be1dccf0
promillage 0 862.049988 be1dd488
promillage 0 863.000000 be1e6930
promillage 0 863.049988 be1e7134
promillage 0 864.000000 be1f05e7
promillage 0 864.049988 be1f0dc8
promillage 0 865.000000 be1fa180
promillage 0 865.049988 be1fa965
promillage 0 866.000000 be203f0e
promillage 0 866.049988 be20471e
promillage 0 867.000000 be20df7e
promillage 0 867.049988 be20e83f
promillage 0 868.000000 be21801c
promillage 0 868.049988 be21886c
promillage 0 869.000000 be222334
promillage 0 869.049988 be222ae5
promillage 0 870.000000 be22c2e8
promillage 0 870.049988 be22caa8
promillage 0 871.000000 be236670
promillage 0 871.049988 be236e76
promillage 0 872.000000 be240bf0
promillage 0 872.049988 be241428
promillage 0 873.000000 be24b208
promillage 0 873.049988 be24ba07
promillage 0 874.000000 be255460
promillage 0 874.049988 be255d3e
promillage 0 875.000000 be25fa48
promillage 0 875.049988 be260324
promillage 0 876.000000 be26a338
promillage 0 876.049988 be26ab9e
promillage 0 877.000000 be274d44
promillage 0 877.049988 be2755e6
promillage 0 878.000000 be27f6f6
promillage 0 878.049988 be27ffc1
promillage 0 879.000000 be28a1d0
promillage 0 879.049988 be28aa0e
promillage 0 880.000000 be294c28
promillage 0 880.049988 be29548c
promillage 0 881.000000 be29f8c4
promillage 0 881.049988 be2a01ac
promillage 0 882.000000 be2aa79c
promillage 0 882.049988 be2ab0a2
promillage 0 883.000000 be2b558e
promillage 0 883.049988 be2b5e57
promillage 0 884.000000 be2c05ec
promillage 0 884.049988 be2c0ee0
promillage 0 885.000000 be2cb80c
promillage 0 885.049988 be2cc079
promillage 0 886.000000 be2d6c60
promillage 0 886.049988 be2d7553
promillage 0 887.000000 be2e2248
promillage 0 887.049988 be2e2b7d
promillage 0 888.000000 be2ed858
promillage 0 888.049988 be2ee12a
promillage 0 889.000000 be2f8ec2
promillage 0 889.049988 be2f97d1
promillage 0 890.000000 be3044f8
promillage 0 890.049988 be304dce
promillage 0 891.000000 be30fff0
promillage 0 891.049988 be310a04
promillage 0 892.000000 be31be80
promillage 0 892.049988 be31c800
promillage 0 893.000000 be327c90
promillage 0 893.049988 be32861a
promillage 0 894.000000 be333a38
promillage 0 894.049988 be33435c
promillage 0 895.000000 be33fafb
promillage 0 895.049988 be340462
promillage 0 896.000000 be34b8c8
promillage 0 896.049988 be34c2a5
promillage 0 897.000000 be357aac
promillage 0 897.049988 be358470
promillage 0 898.000000 be363f68
promillage 0 898.049988 be3648e0
promillage 0 899.000000 be3705cc
promillage 0 899.049988 be37103e
promillage 0 900.000000 be37ce50
promillage 0 900.049988 be37d7f8
promillage 0 901.000000 be3898c0
promillage 0 901.049988 be38a2e0
promillage 0 902.000000 be396330
promillage 0 902.049988 be396dbc
promillage 0 903.000000 be3a3281
promillage 0 903.049988 be3a3c34
promillage 0 904.000000 be3afee8
promillage 0 904.049988 be3b0941
promillage 0 905.000000 be3bcd48
promillage 0 905.049988 be3bd870
promillage 0 906.000000 be3c9d88
promillage 0 906.049988 be3ca7d4
promillage 0 907.000000 be3d6ec6
promillage 0 907.049988 be3d79a7
promillage 0 908.000000 be3e4380
promillage 0 908.049988 be3e4e4c
promillage 0 909.000000 be3f1810
promillage 0 909.049988 be3f2255
promillage 0 910.000000 be3ff130
promillage 0 910.049988 be3ffc0e
promillage 0 911.000000 be40cb58
promillage 0 911.049988 be40d694
promillage 0 912.000000 be41a400
promillage 0 912.049988 be41af1c
promillage 0 913.000000 be427f50
promillage 0 913.049988 be428a96
promillage 0 914.000000 be435e50
promillage 0 914.049988 be4369eb
promillage 0 915.000000 be443d38
promillage 0 915.049988 be4447e7
promillage 0 916.000000 be4519ac
promillage 0 916.049988 be4524f6
promillage 0 917.000000 be45f950
promillage 0 917.049988 be460454
promillage 0 918.000000 be46db92
promillage 0 918.049988 be46e6f1
promillage 0 919.000000 be47bde0
promillage 0 919.049988 be47c93e
promillage 0 920.000000 be48a3d4
promillage 0 920.049988 be48af70
promillage 0 921.000000 be4987b8
promillage 0 921.049988 be49938c
promillage 0 922.000000 be4a7310
promillage 0 922.049988 be4a7e70
promillage 0 923.000000 be4b5f28
promillage 0 923.049988 be4b6aee
promillage 0 924.000000 be4c4a0b
promillage 0 924.049988 be4c559e
promillage 0 925.000000 be4d38b0
promillage 0 925.049988 be4d4429
promillage 0 926.000000 be4e2540
promillage 0 926.049988 be4e3140
promillage 0 927.000000 be4f1830
promillage 0 927.049988 be4f239c
promillage 0 928.000000 be500cae
promillage 0 928.049988 be50198b
promillage 0 929.000000 be510438
promillage 0 929.049988 be5110b4
promillage 0 930.000000 be51fd40
promillage 0 930.049988 be520934
promillage 0 931.000000 be52f668
promillage 0 931.049988 be53027e
promillage 0 932.000000 be53ee20
promillage 0 932.049988 be53fb05
promillage 0 933.000000 be54ec84
promillage 0 933.049988 be54f9ec
promillage 0 934.000000 be55ed18
promillage 0 934.049988 be55fa44
promillage 0 935.000000 be56f030
promillage 0 935.049988 be56fd52
promillage 0 936.000000 be57f8e8
promillage 0 936.049988 be5806b6
promillage 0 937.000000 be590000
promillage 0 937.049988 be590d80
promillage 0 938.000000 be5a0ab0
promillage 0 938.049988 be5a1842
promillage 0 939.000000 be5b1951
promillage 0 939.049988 be5b261e
promillage 0 940.000000 be5c2450
promillage 0 940.049988 be5c320e
promillage 0 941.000000 be5d3250
promillage 0 941.049988 be5d4038
promillage 0 942.000000 be5e434b
promillage 0 942.049988 be5e517a
promillage 0 943.000000 be5f5c22
promillage 0 943.049988 be5f6ace
promillage 0 944.000000 be607653
promillage 0 944.049988 be6084ba
promillage 0 945.000000 be6195d8
promillage 0 945.049988 be61a4b4
promillage 0 946.000000 be62b128
promillage 0 946.049988 be62bfe4
promillage 0 947.000000 be63d2f0
promillage 0 947.049988 be63e18e
promillage 0 948.000000 be64f710
promillage 0 948.049988 be650582
promillage 0 949.000000 be661818
promillage 0 949.049988 be66276f
promillage 0 950.000000 be673c80
promillage 0 950.049988 be674aa8
promillage 0 951.000000 be686a34
promillage 0 951.049988 be687916
promillage 0 952.000000 be699582
promillage 0 952.049988 be69a4df
promillage 0 953.000000 be6ac4c8
promillage 0 953.049988 be6ad4fc
promillage 0 954.000000 be6bf870
promillage 0 954.049988 be6c069a
promillage 0 955.000000 be6d2be0
promillage 0 955.049988 be6d3a10
promillage 0 956.000000 be6e5f20
promillage 0 956.049988 be6e6e9d
promillage 0 957.000000 be6f9f00
promillage 0 957.049988 be6faec0
promillage 0 958.000000 be70dea4
promillage 0 958.049988 be70eeba
promillage 0 959.000000 be722042
promillage 0 959.049988 be723085
promillage 0 960.000000 be7365a8
promillage 0 960.049988 be737574
promillage 0 961.000000 be74ae98
promillage 0 961.049988 be74be64
promillage 0 962.000000 be75f9d0
promillage 0 962.049988 be760a60
promillage 0 963.000000 be774e38
promillage 0 963.049988 be775e69
promillage 0 964.000000 be78a440
promillage 0 964.049988 be78b4f0
promillage 0 965.000000 be79f6fc
promillage 0 965.049988 be7a0830
promillage 0 966.000000 be7b5040
promillage 0 966.049988 be7b6120
promillage 0 967.000000 be7caa30
promillage 0 967.049988 be7cbbe3
promillage 0 968.000000 be7e0790
promillage 0 968.049988 be7e19c8
promillage 0 969.000000 be7f66b0
promillage 0 969.049988 be7f785e
promillage 0 970.000000 be8062c2
promillage 0 970.049988 be806c2b
promillage 0 971.000000 be8123e0
promillage 0 971.049988 be812da4
promillage 0 972.000000 be81eebc
promillage 0 972.049988 be81f93b
promillage 0 973.000000 be82c460
promillage 0 973.049988 be82cef9
promillage 0 974.000000 be83a388
promillage 0 974.049988 be83af44
promillage 0 975.000000 be848d00
promillage 0 975.049988 be84996c
promillage 0 976.000000 be858022
promillage 0 976.049988 be858c59
promillage 0 977.000000 be867418
promillage 0 977.049988 be86809c
promillage 0 978.000000 be876f44
promillage 0 978.049988 be877c8a
promillage 0 979.000000 be887b20
promillage 0 979.049988 be8889dc
promillage 0 980.000000 be898d80
promillage 0 980.049988 be899bf8
promillage 0 981.000000 be8aa8d0
promillage 0 981.049988 be8ab756
promillage 0 982.000000 be8bd07c
promillage 0 982.049988 be8bdfae
promillage 0 983.000000 be8d071a
promillage 0 983.049988 be8d167d
promillage 0 984.000000 be8e49a8
promillage 0 984.049988 be8e5a44
promillage 0 985.000000 be8fa2f0
promillage 0 985.049988 be8fb430
promillage 0 986.000000 be90ff1c
promillage 0 986.049988 be9110f6
promillage 0 987.000000 be926c00
promillage 0 987.049988 be927f90
promillage 0 988.000000 be93f3a0
promillage 0 988.049988 be9408d0
promillage 0 989.000000 be958eb0
promillage 0 989.049988 be95a358
promillage 0 990.000000 be973f18
promillage 0 990.049988 be97560c
promillage 0 991.000000 be9912d8
promillage 0 991.049988 be992b9c
promillage 0 992.000000 be9b14a8
promillage 0 992.049988 be9b2ecc
promillage 0 993.000000 be9d4da8
promillage 0 993.049988 be9d6ce4
promillage 0 994.000000 be9fced4
promillage 0 994.049988 be9fef6a
promillage 0 995.000000 bea2ac6a
promillage 0 995.049988 bea2d465
promillage 0 996.000000 bea60f40
promillage 0 996.049988 bea63fa0
promillage 0 997.000000 beaa49d0
promillage 0 997.049988 beaa8828
promillage 0 998.000000 beb015b4
promillage 0 998.049988 beb06f92
promillage 0 999.000000 beb9a800
promillage 0 999.049988 beba4f00
promillage 0 -1.00000000 EX:IllegalArgumentException
promillage 0 1000.09998 EX:IllegalArgumentException
# samples 3692
